-- T3Terminal Theme SQL Dump
-- version 1.0.0
-- https://www.t3terminal.com/
--
-- Generation Time: Thursday, October 17 24 05:43:04
-- PHP Version: 7.4.23


--
--
-- Dumping data for table `pages`
--

INSERT INTO `pages` (`uid`, `pid`, `tstamp`, `crdate`, `deleted`, `hidden`, `starttime`, `endtime`, `fe_group`, `sorting`, `rowDescription`, `editlock`, `sys_language_uid`, `l10n_parent`, `l10n_source`, `l10n_state`, `l10n_diffsource`, `t3ver_oid`, `t3ver_wsid`, `t3ver_state`, `t3ver_stage`, `perms_userid`, `perms_groupid`, `perms_user`, `perms_group`, `perms_everybody`, `title`, `doktype`, `TSconfig`, `is_siteroot`, `php_tree_stop`, `url`, `shortcut`, `shortcut_mode`, `subtitle`, `layout`, `target`, `media`, `keywords`, `cache_timeout`, `cache_tags`, `description`, `no_search`, `SYS_LASTCHANGED`, `abstract`, `module`, `extendToSubpages`, `author`, `author_email`, `nav_title`, `nav_hide`, `content_from_pid`, `mount_pid`, `mount_pid_ol`, `l18n_cfg`, `backend_layout`, `backend_layout_next_level`, `tsconfig_includes`, `categories`, `lastUpdated`, `newUntil`, `slug`, `tx_impexp_origuid`, `seo_title`, `no_index`, `no_follow`, `og_title`, `og_description`, `og_image`, `twitter_title`, `twitter_description`, `twitter_image`, `twitter_card`, `canonical_link`, `sitemap_priority`, `sitemap_changefreq`) VALUES
(1, 0, 1688730346, 1688730346, 0, 0, 0, 0, '', 256, '', 0, 0, 0, 0, '', '', 0, 0, 0, 0, 1, 0, 31, 27, 0, 'Home', 1, '', 1, 0, '', 0, 0, '', 0, '', 0, 'New age, age, TYPO3', 0, '', 'New Age is an app landing page that will help you beautifully showcase your new mobile app, or anything else!', 0, 1688740844, 'New Age is an app landing page that will help you beautifully showcase your new mobile app, or anything else!', '', 0, '', '', '', 0, 0, 0, 0, 0, 'pagets__default', '', '', 0, 0, 0, '/', 1, '', 0, 0, '', '', 0, '', '', 0, 'summary', '', '0.5', ''),
(2, 1, 1688730346, 1688730346, 0, 0, 0, 0, '', 256, '', 0, 0, 0, 0, '', '', 0, 0, 0, 0, 1, 0, 31, 27, 0, 'misc', 199, '', 0, 0, '', 0, 0, '', 0, '', 0, '', 0, '', '', 0, 0, '', '', 0, '', '', '', 0, 0, 0, 0, 0, '', '', '', 0, 0, 0, '/misc', 2, '', 0, 0, '', '', 0, '', '', 0, 'summary', '', '0.5', ''),
(3, 2, 1688730346, 1688730346, 0, 0, 0, 0, '', 256, '', 0, 0, 0, 0, '', 0x613a35303a7b733a373a22646f6b74797065223b4e3b733a353a227469746c65223b4e3b733a343a22736c7567223b4e3b733a393a226e61765f7469746c65223b4e3b733a383a227375627469746c65223b4e3b733a393a2273656f5f7469746c65223b4e3b733a31313a226465736372697074696f6e223b4e3b733a383a226e6f5f696e646578223b4e3b733a393a226e6f5f666f6c6c6f77223b4e3b733a31343a2263616e6f6e6963616c5f6c696e6b223b4e3b733a31383a22736974656d61705f6368616e676566726571223b4e3b733a31363a22736974656d61705f7072696f72697479223b4e3b733a383a226f675f7469746c65223b4e3b733a31343a226f675f6465736372697074696f6e223b4e3b733a383a226f675f696d616765223b4e3b733a31333a22747769747465725f7469746c65223b4e3b733a31393a22747769747465725f6465736372697074696f6e223b4e3b733a31333a22747769747465725f696d616765223b4e3b733a31323a22747769747465725f63617264223b4e3b733a383a226162737472616374223b4e3b733a383a226b6579776f726473223b4e3b733a363a22617574686f72223b4e3b733a31323a22617574686f725f656d61696c223b4e3b733a31313a226c61737455706461746564223b4e3b733a363a226c61796f7574223b4e3b733a383a226e6577556e74696c223b4e3b733a31343a226261636b656e645f6c61796f7574223b4e3b733a32353a226261636b656e645f6c61796f75745f6e6578745f6c6576656c223b4e3b733a31363a22636f6e74656e745f66726f6d5f706964223b4e3b733a363a22746172676574223b4e3b733a31333a2263616368655f74696d656f7574223b4e3b733a31303a2263616368655f74616773223b4e3b733a31313a2269735f73697465726f6f74223b4e3b733a393a226e6f5f736561726368223b4e3b733a31333a227068705f747265655f73746f70223b4e3b733a363a226d6f64756c65223b4e3b733a353a226d65646961223b4e3b733a31373a227473636f6e6669675f696e636c75646573223b4e3b733a383a225453636f6e666967223b4e3b733a383a226c31386e5f636667223b4e3b733a363a2268696464656e223b4e3b733a383a226e61765f68696465223b4e3b733a393a22737461727474696d65223b4e3b733a373a22656e6474696d65223b4e3b733a31363a22657874656e64546f5375627061676573223b4e3b733a383a2266655f67726f7570223b4e3b733a31333a2266655f6c6f67696e5f6d6f6465223b4e3b733a383a22656469746c6f636b223b4e3b733a31303a2263617465676f72696573223b4e3b733a31343a22726f774465736372697074696f6e223b4e3b7d, 0, 0, 0, 0, 1, 0, 31, 27, 0, '404', 1, '', 0, 0, '', 0, 0, '', 2, '', 0, '', 0, '', '', 0, 1688740922, '', '', 0, '', '', '', 0, 0, 0, 0, 0, 'pagets__default', '', '', 0, 0, 0, '/404', 3, '', 0, 0, '', '', 0, '', '', 0, 'summary', '', '0.5', ''),
(4, 1, 1688730346, 1688730346, 0, 0, 0, 0, '', 128, '', 0, 0, 0, 0, '', '', 0, 0, 0, 0, 1, 0, 31, 27, 0, 'Footer', 199, '', 0, 0, '', 0, 0, '', 0, '', 0, '', 0, '', '', 0, 0, '', '', 0, '', '', '', 0, 0, 0, 0, 0, '', '', '', 0, 0, 0, '/footer', 4, '', 0, 0, '', '', 0, '', '', 0, 'summary', '', '0.5', ''),
(5, 4, 1688730346, 1688730346, 0, 0, 0, 0, '', 256, '', 0, 0, 0, 0, '', 0x613a35303a7b733a373a22646f6b74797065223b4e3b733a353a227469746c65223b4e3b733a343a22736c7567223b4e3b733a393a226e61765f7469746c65223b4e3b733a383a227375627469746c65223b4e3b733a393a2273656f5f7469746c65223b4e3b733a31313a226465736372697074696f6e223b4e3b733a383a226e6f5f696e646578223b4e3b733a393a226e6f5f666f6c6c6f77223b4e3b733a31343a2263616e6f6e6963616c5f6c696e6b223b4e3b733a31383a22736974656d61705f6368616e676566726571223b4e3b733a31363a22736974656d61705f7072696f72697479223b4e3b733a383a226f675f7469746c65223b4e3b733a31343a226f675f6465736372697074696f6e223b4e3b733a383a226f675f696d616765223b4e3b733a31333a22747769747465725f7469746c65223b4e3b733a31393a22747769747465725f6465736372697074696f6e223b4e3b733a31333a22747769747465725f696d616765223b4e3b733a31323a22747769747465725f63617264223b4e3b733a383a226162737472616374223b4e3b733a383a226b6579776f726473223b4e3b733a363a22617574686f72223b4e3b733a31323a22617574686f725f656d61696c223b4e3b733a31313a226c61737455706461746564223b4e3b733a363a226c61796f7574223b4e3b733a383a226e6577556e74696c223b4e3b733a31343a226261636b656e645f6c61796f7574223b4e3b733a32353a226261636b656e645f6c61796f75745f6e6578745f6c6576656c223b4e3b733a31363a22636f6e74656e745f66726f6d5f706964223b4e3b733a363a22746172676574223b4e3b733a31333a2263616368655f74696d656f7574223b4e3b733a31303a2263616368655f74616773223b4e3b733a31313a2269735f73697465726f6f74223b4e3b733a393a226e6f5f736561726368223b4e3b733a31333a227068705f747265655f73746f70223b4e3b733a363a226d6f64756c65223b4e3b733a353a226d65646961223b4e3b733a31373a227473636f6e6669675f696e636c75646573223b4e3b733a383a225453636f6e666967223b4e3b733a383a226c31386e5f636667223b4e3b733a363a2268696464656e223b4e3b733a383a226e61765f68696465223b4e3b733a393a22737461727474696d65223b4e3b733a373a22656e6474696d65223b4e3b733a31363a22657874656e64546f5375627061676573223b4e3b733a383a2266655f67726f7570223b4e3b733a31333a2266655f6c6f67696e5f6d6f6465223b4e3b733a383a22656469746c6f636b223b4e3b733a31303a2263617465676f72696573223b4e3b733a31343a22726f774465736372697074696f6e223b4e3b7d, 0, 0, 0, 0, 1, 0, 31, 27, 0, 'FAQ', 1, '', 0, 0, '', 0, 0, '', 1, '', 0, '', 0, '', '', 0, 1688730346, '', '', 0, '', '', '', 0, 0, 0, 0, 0, 'pagets__content', '', '', 0, 0, 0, '/faq', 5, '', 0, 0, '', '', 0, '', '', 0, 'summary', '', '0.5', ''),
(6, 4, 1688730346, 1688730346, 0, 0, 0, 0, '', 128, '', 0, 0, 0, 0, '', 0x613a35303a7b733a373a22646f6b74797065223b4e3b733a353a227469746c65223b4e3b733a343a22736c7567223b4e3b733a393a226e61765f7469746c65223b4e3b733a383a227375627469746c65223b4e3b733a393a2273656f5f7469746c65223b4e3b733a31313a226465736372697074696f6e223b4e3b733a383a226e6f5f696e646578223b4e3b733a393a226e6f5f666f6c6c6f77223b4e3b733a31343a2263616e6f6e6963616c5f6c696e6b223b4e3b733a31383a22736974656d61705f6368616e676566726571223b4e3b733a31363a22736974656d61705f7072696f72697479223b4e3b733a383a226f675f7469746c65223b4e3b733a31343a226f675f6465736372697074696f6e223b4e3b733a383a226f675f696d616765223b4e3b733a31333a22747769747465725f7469746c65223b4e3b733a31393a22747769747465725f6465736372697074696f6e223b4e3b733a31333a22747769747465725f696d616765223b4e3b733a31323a22747769747465725f63617264223b4e3b733a383a226162737472616374223b4e3b733a383a226b6579776f726473223b4e3b733a363a22617574686f72223b4e3b733a31323a22617574686f725f656d61696c223b4e3b733a31313a226c61737455706461746564223b4e3b733a363a226c61796f7574223b4e3b733a383a226e6577556e74696c223b4e3b733a31343a226261636b656e645f6c61796f7574223b4e3b733a32353a226261636b656e645f6c61796f75745f6e6578745f6c6576656c223b4e3b733a31363a22636f6e74656e745f66726f6d5f706964223b4e3b733a363a22746172676574223b4e3b733a31333a2263616368655f74696d656f7574223b4e3b733a31303a2263616368655f74616773223b4e3b733a31313a2269735f73697465726f6f74223b4e3b733a393a226e6f5f736561726368223b4e3b733a31333a227068705f747265655f73746f70223b4e3b733a363a226d6f64756c65223b4e3b733a353a226d65646961223b4e3b733a31373a227473636f6e6669675f696e636c75646573223b4e3b733a383a225453636f6e666967223b4e3b733a383a226c31386e5f636667223b4e3b733a363a2268696464656e223b4e3b733a383a226e61765f68696465223b4e3b733a393a22737461727474696d65223b4e3b733a373a22656e6474696d65223b4e3b733a31363a22657874656e64546f5375627061676573223b4e3b733a383a2266655f67726f7570223b4e3b733a31333a2266655f6c6f67696e5f6d6f6465223b4e3b733a383a22656469746c6f636b223b4e3b733a31303a2263617465676f72696573223b4e3b733a31343a22726f774465736372697074696f6e223b4e3b7d, 0, 0, 0, 0, 1, 0, 31, 27, 0, 'Terms', 1, '', 0, 0, '', 0, 0, '', 1, '', 0, '', 0, '', '', 0, 0, '', '', 0, '', '', '', 0, 0, 0, 0, 0, 'pagets__content', '', '', 0, 0, 0, '/terms', 6, '', 0, 0, '', '', 0, '', '', 0, 'summary', '', '0.5', ''),
(7, 4, 1688730346, 1688730346, 0, 0, 0, 0, '', 64, '', 0, 0, 0, 0, '', 0x613a35303a7b733a373a22646f6b74797065223b4e3b733a353a227469746c65223b4e3b733a343a22736c7567223b4e3b733a393a226e61765f7469746c65223b4e3b733a383a227375627469746c65223b4e3b733a393a2273656f5f7469746c65223b4e3b733a31313a226465736372697074696f6e223b4e3b733a383a226e6f5f696e646578223b4e3b733a393a226e6f5f666f6c6c6f77223b4e3b733a31343a2263616e6f6e6963616c5f6c696e6b223b4e3b733a31383a22736974656d61705f6368616e676566726571223b4e3b733a31363a22736974656d61705f7072696f72697479223b4e3b733a383a226f675f7469746c65223b4e3b733a31343a226f675f6465736372697074696f6e223b4e3b733a383a226f675f696d616765223b4e3b733a31333a22747769747465725f7469746c65223b4e3b733a31393a22747769747465725f6465736372697074696f6e223b4e3b733a31333a22747769747465725f696d616765223b4e3b733a31323a22747769747465725f63617264223b4e3b733a383a226162737472616374223b4e3b733a383a226b6579776f726473223b4e3b733a363a22617574686f72223b4e3b733a31323a22617574686f725f656d61696c223b4e3b733a31313a226c61737455706461746564223b4e3b733a363a226c61796f7574223b4e3b733a383a226e6577556e74696c223b4e3b733a31343a226261636b656e645f6c61796f7574223b4e3b733a32353a226261636b656e645f6c61796f75745f6e6578745f6c6576656c223b4e3b733a31363a22636f6e74656e745f66726f6d5f706964223b4e3b733a363a22746172676574223b4e3b733a31333a2263616368655f74696d656f7574223b4e3b733a31303a2263616368655f74616773223b4e3b733a31313a2269735f73697465726f6f74223b4e3b733a393a226e6f5f736561726368223b4e3b733a31333a227068705f747265655f73746f70223b4e3b733a363a226d6f64756c65223b4e3b733a353a226d65646961223b4e3b733a31373a227473636f6e6669675f696e636c75646573223b4e3b733a383a225453636f6e666967223b4e3b733a383a226c31386e5f636667223b4e3b733a363a2268696464656e223b4e3b733a383a226e61765f68696465223b4e3b733a393a22737461727474696d65223b4e3b733a373a22656e6474696d65223b4e3b733a31363a22657874656e64546f5375627061676573223b4e3b733a383a2266655f67726f7570223b4e3b733a31333a2266655f6c6f67696e5f6d6f6465223b4e3b733a383a22656469746c6f636b223b4e3b733a31303a2263617465676f72696573223b4e3b733a31343a22726f774465736372697074696f6e223b4e3b7d, 0, 0, 0, 0, 1, 0, 31, 27, 0, 'Privacy', 1, '', 0, 0, '', 0, 0, '', 1, '', 0, '', 0, '', '', 0, 1688730346, '', '', 0, '', '', '', 0, 0, 0, 0, 0, 'pagets__content', '', '', 0, 0, 0, '/privacy', 7, '', 0, 0, '', '', 0, '', '', 0, 'summary', '', '0.5', ''),
(8, 4, 1688730346, 1688730346, 0, 0, 0, 0, '', 32, '', 0, 0, 0, 0, '', 0x613a35303a7b733a373a22646f6b74797065223b4e3b733a353a227469746c65223b4e3b733a343a22736c7567223b4e3b733a393a226e61765f7469746c65223b4e3b733a383a227375627469746c65223b4e3b733a393a2273656f5f7469746c65223b4e3b733a31313a226465736372697074696f6e223b4e3b733a383a226e6f5f696e646578223b4e3b733a393a226e6f5f666f6c6c6f77223b4e3b733a31343a2263616e6f6e6963616c5f6c696e6b223b4e3b733a31383a22736974656d61705f6368616e676566726571223b4e3b733a31363a22736974656d61705f7072696f72697479223b4e3b733a383a226f675f7469746c65223b4e3b733a31343a226f675f6465736372697074696f6e223b4e3b733a383a226f675f696d616765223b4e3b733a31333a22747769747465725f7469746c65223b4e3b733a31393a22747769747465725f6465736372697074696f6e223b4e3b733a31333a22747769747465725f696d616765223b4e3b733a31323a22747769747465725f63617264223b4e3b733a383a226162737472616374223b4e3b733a383a226b6579776f726473223b4e3b733a363a22617574686f72223b4e3b733a31323a22617574686f725f656d61696c223b4e3b733a31313a226c61737455706461746564223b4e3b733a363a226c61796f7574223b4e3b733a383a226e6577556e74696c223b4e3b733a31343a226261636b656e645f6c61796f7574223b4e3b733a32353a226261636b656e645f6c61796f75745f6e6578745f6c6576656c223b4e3b733a31363a22636f6e74656e745f66726f6d5f706964223b4e3b733a363a22746172676574223b4e3b733a31333a2263616368655f74696d656f7574223b4e3b733a31303a2263616368655f74616773223b4e3b733a31313a2269735f73697465726f6f74223b4e3b733a393a226e6f5f736561726368223b4e3b733a31333a227068705f747265655f73746f70223b4e3b733a363a226d6f64756c65223b4e3b733a353a226d65646961223b4e3b733a31373a227473636f6e6669675f696e636c75646573223b4e3b733a383a225453636f6e666967223b4e3b733a383a226c31386e5f636667223b4e3b733a363a2268696464656e223b4e3b733a383a226e61765f68696465223b4e3b733a393a22737461727474696d65223b4e3b733a373a22656e6474696d65223b4e3b733a31363a22657874656e64546f5375627061676573223b4e3b733a383a2266655f67726f7570223b4e3b733a31333a2266655f6c6f67696e5f6d6f6465223b4e3b733a383a22656469746c6f636b223b4e3b733a31303a2263617465676f72696573223b4e3b733a31343a22726f774465736372697074696f6e223b4e3b7d, 0, 0, 0, 0, 1, 0, 31, 27, 0, 'CMS', 1, '', 0, 0, '', 0, 0, '', 1, '', 0, '', 0, '', '', 0, 1688730346, '', '', 0, '', '', '', 0, 0, 0, 0, 0, 'pagets__content', '', '', 0, 0, 0, '/cms', 8, '', 0, 0, '', '', 0, '', '', 0, 'summary', '', '0.5', ''),
(9, 1, 1688730346, 1688730346, 0, 0, 0, 0, '', 64, '', 0, 0, 0, 0, '', '', 0, 0, 0, 0, 1, 0, 31, 27, 0, 'Main Menu', 199, '', 0, 0, '', 0, 0, '', 0, '', 0, '', 0, '', '', 0, 0, '', '', 0, '', '', '', 0, 0, 0, 0, 0, '', '', '', 0, 0, 0, '/main-menu', 9, '', 0, 0, '', '', 0, '', '', 0, 'summary', '', '0.5', ''),
(10, 9, 1688730346, 1688730346, 0, 0, 0, 0, '', 256, '', 0, 0, 0, 0, '', 0x613a35303a7b733a373a22646f6b74797065223b4e3b733a353a227469746c65223b4e3b733a343a22736c7567223b4e3b733a393a226e61765f7469746c65223b4e3b733a383a227375627469746c65223b4e3b733a393a2273656f5f7469746c65223b4e3b733a31313a226465736372697074696f6e223b4e3b733a383a226e6f5f696e646578223b4e3b733a393a226e6f5f666f6c6c6f77223b4e3b733a31343a2263616e6f6e6963616c5f6c696e6b223b4e3b733a31383a22736974656d61705f6368616e676566726571223b4e3b733a31363a22736974656d61705f7072696f72697479223b4e3b733a383a226f675f7469746c65223b4e3b733a31343a226f675f6465736372697074696f6e223b4e3b733a383a226f675f696d616765223b4e3b733a31333a22747769747465725f7469746c65223b4e3b733a31393a22747769747465725f6465736372697074696f6e223b4e3b733a31333a22747769747465725f696d616765223b4e3b733a31323a22747769747465725f63617264223b4e3b733a383a226162737472616374223b4e3b733a383a226b6579776f726473223b4e3b733a363a22617574686f72223b4e3b733a31323a22617574686f725f656d61696c223b4e3b733a31313a226c61737455706461746564223b4e3b733a363a226c61796f7574223b4e3b733a383a226e6577556e74696c223b4e3b733a31343a226261636b656e645f6c61796f7574223b4e3b733a32353a226261636b656e645f6c61796f75745f6e6578745f6c6576656c223b4e3b733a31363a22636f6e74656e745f66726f6d5f706964223b4e3b733a363a22746172676574223b4e3b733a31333a2263616368655f74696d656f7574223b4e3b733a31303a2263616368655f74616773223b4e3b733a31313a2269735f73697465726f6f74223b4e3b733a393a226e6f5f736561726368223b4e3b733a31333a227068705f747265655f73746f70223b4e3b733a363a226d6f64756c65223b4e3b733a353a226d65646961223b4e3b733a31373a227473636f6e6669675f696e636c75646573223b4e3b733a383a225453636f6e666967223b4e3b733a383a226c31386e5f636667223b4e3b733a363a2268696464656e223b4e3b733a383a226e61765f68696465223b4e3b733a393a22737461727474696d65223b4e3b733a373a22656e6474696d65223b4e3b733a31363a22657874656e64546f5375627061676573223b4e3b733a383a2266655f67726f7570223b4e3b733a31333a2266655f6c6f67696e5f6d6f6465223b4e3b733a383a22656469746c6f636b223b4e3b733a31303a2263617465676f72696573223b4e3b733a31343a22726f774465736372697074696f6e223b4e3b7d, 0, 0, 0, 0, 1, 0, 31, 27, 0, 'Contact', 1, '', 0, 0, '', 0, 0, '', 0, '', 0, '', 0, '', '', 0, 1688730346, '', '', 0, '', '', '', 0, 0, 0, 0, 0, 'pagets__content', '', '', 0, 0, 0, '/contact', 10, '', 0, 0, '', '', 0, '', '', 0, 'summary', '', '0.5', ''),
(11, 9, 1688730346, 1688730346, 0, 0, 0, 0, '', 128, '', 0, 0, 0, 0, '', 0x7b226d65646961223a22227d, 0, 0, 0, 0, 1, 0, 31, 27, 0, 'CTA', 1, '', 0, 0, '', 0, 0, '', 2, '', 1, '', 0, '', '', 0, 1688730346, '', '', 0, '', '', 'Cta', 1, 0, 0, 0, 0, 'pagets__content', '', '', 0, 0, 0, '/cta', 11, '', 0, 0, '', '', 0, '', '', 0, 'summary', '', '0.5', ''),
(12, 9, 1688730346, 1688730346, 0, 0, 0, 0, '', 64, '', 0, 0, 0, 0, '', 0x613a35303a7b733a373a22646f6b74797065223b4e3b733a353a227469746c65223b4e3b733a343a22736c7567223b4e3b733a393a226e61765f7469746c65223b4e3b733a383a227375627469746c65223b4e3b733a393a2273656f5f7469746c65223b4e3b733a31313a226465736372697074696f6e223b4e3b733a383a226e6f5f696e646578223b4e3b733a393a226e6f5f666f6c6c6f77223b4e3b733a31343a2263616e6f6e6963616c5f6c696e6b223b4e3b733a31383a22736974656d61705f6368616e676566726571223b4e3b733a31363a22736974656d61705f7072696f72697479223b4e3b733a383a226f675f7469746c65223b4e3b733a31343a226f675f6465736372697074696f6e223b4e3b733a383a226f675f696d616765223b4e3b733a31333a22747769747465725f7469746c65223b4e3b733a31393a22747769747465725f6465736372697074696f6e223b4e3b733a31333a22747769747465725f696d616765223b4e3b733a31323a22747769747465725f63617264223b4e3b733a383a226162737472616374223b4e3b733a383a226b6579776f726473223b4e3b733a363a22617574686f72223b4e3b733a31323a22617574686f725f656d61696c223b4e3b733a31313a226c61737455706461746564223b4e3b733a363a226c61796f7574223b4e3b733a383a226e6577556e74696c223b4e3b733a31343a226261636b656e645f6c61796f7574223b4e3b733a32353a226261636b656e645f6c61796f75745f6e6578745f6c6576656c223b4e3b733a31363a22636f6e74656e745f66726f6d5f706964223b4e3b733a363a22746172676574223b4e3b733a31333a2263616368655f74696d656f7574223b4e3b733a31303a2263616368655f74616773223b4e3b733a31313a2269735f73697465726f6f74223b4e3b733a393a226e6f5f736561726368223b4e3b733a31333a227068705f747265655f73746f70223b4e3b733a363a226d6f64756c65223b4e3b733a353a226d65646961223b4e3b733a31373a227473636f6e6669675f696e636c75646573223b4e3b733a383a225453636f6e666967223b4e3b733a383a226c31386e5f636667223b4e3b733a363a2268696464656e223b4e3b733a383a226e61765f68696465223b4e3b733a393a22737461727474696d65223b4e3b733a373a22656e6474696d65223b4e3b733a31363a22657874656e64546f5375627061676573223b4e3b733a383a2266655f67726f7570223b4e3b733a31333a2266655f6c6f67696e5f6d6f6465223b4e3b733a383a22656469746c6f636b223b4e3b733a31303a2263617465676f72696573223b4e3b733a31343a22726f774465736372697074696f6e223b4e3b7d, 0, 0, 0, 0, 1, 0, 31, 27, 0, 'Features', 1, '', 0, 0, '', 0, 0, '', 1, '', 0, '', 0, '', '', 0, 1688730346, '', '', 0, '', '', '', 0, 0, 0, 0, 0, 'pagets__content', '', '', 0, 0, 0, '/features', 12, '', 0, 0, '', '', 0, '', '', 0, 'summary', '', '0.5', ''),
(13, 9, 1688730346, 1688730346, 0, 0, 0, 0, '', 32, '', 0, 0, 0, 0, '', 0x613a35303a7b733a373a22646f6b74797065223b4e3b733a353a227469746c65223b4e3b733a343a22736c7567223b4e3b733a393a226e61765f7469746c65223b4e3b733a383a227375627469746c65223b4e3b733a393a2273656f5f7469746c65223b4e3b733a31313a226465736372697074696f6e223b4e3b733a383a226e6f5f696e646578223b4e3b733a393a226e6f5f666f6c6c6f77223b4e3b733a31343a2263616e6f6e6963616c5f6c696e6b223b4e3b733a31383a22736974656d61705f6368616e676566726571223b4e3b733a31363a22736974656d61705f7072696f72697479223b4e3b733a383a226f675f7469746c65223b4e3b733a31343a226f675f6465736372697074696f6e223b4e3b733a383a226f675f696d616765223b4e3b733a31333a22747769747465725f7469746c65223b4e3b733a31393a22747769747465725f6465736372697074696f6e223b4e3b733a31333a22747769747465725f696d616765223b4e3b733a31323a22747769747465725f63617264223b4e3b733a383a226162737472616374223b4e3b733a383a226b6579776f726473223b4e3b733a363a22617574686f72223b4e3b733a31323a22617574686f725f656d61696c223b4e3b733a31313a226c61737455706461746564223b4e3b733a363a226c61796f7574223b4e3b733a383a226e6577556e74696c223b4e3b733a31343a226261636b656e645f6c61796f7574223b4e3b733a32353a226261636b656e645f6c61796f75745f6e6578745f6c6576656c223b4e3b733a31363a22636f6e74656e745f66726f6d5f706964223b4e3b733a363a22746172676574223b4e3b733a31333a2263616368655f74696d656f7574223b4e3b733a31303a2263616368655f74616773223b4e3b733a31313a2269735f73697465726f6f74223b4e3b733a393a226e6f5f736561726368223b4e3b733a31333a227068705f747265655f73746f70223b4e3b733a363a226d6f64756c65223b4e3b733a353a226d65646961223b4e3b733a31373a227473636f6e6669675f696e636c75646573223b4e3b733a383a225453636f6e666967223b4e3b733a383a226c31386e5f636667223b4e3b733a363a2268696464656e223b4e3b733a383a226e61765f68696465223b4e3b733a393a22737461727474696d65223b4e3b733a373a22656e6474696d65223b4e3b733a31363a22657874656e64546f5375627061676573223b4e3b733a383a2266655f67726f7570223b4e3b733a31333a2266655f6c6f67696e5f6d6f6465223b4e3b733a383a22656469746c6f636b223b4e3b733a31303a2263617465676f72696573223b4e3b733a31343a22726f774465736372697074696f6e223b4e3b7d, 0, 0, 0, 0, 1, 0, 31, 27, 0, 'Download', 1, '', 0, 0, '', 0, 0, '', 0, '', 0, '', 0, '', '', 0, 1688740844, '', '', 0, '', '', '', 0, 0, 0, 0, 0, 'pagets__content', '', '', 0, 0, 0, '/download', 13, '', 0, 0, '', '', 0, '', '', 0, 'summary', '', '0.5', ''),
(14, 9, 1688730346, 1688730346, 0, 0, 0, 0, '', 16, '', 0, 0, 0, 0, '', 0x7b2273686f7274637574223a22227d, 0, 0, 0, 0, 1, 0, 31, 27, 0, 'Home', 4, '', 0, 0, '', 1, 0, '', 0, '', 0, '', 0, '', '', 0, 0, '', '', 0, '', '', '', 0, 0, 0, 0, 0, '', '', '', 0, 0, 0, '/home', 14, '', 0, 0, '', '', 0, '', '', 0, 'summary', '', '0.5', '');

--
--
-- Dumping data for table `sys_file`
--

INSERT INTO `sys_file` (`uid`, `pid`, `tstamp`, `last_indexed`, `missing`, `storage`, `type`, `metadata`, `identifier`, `identifier_hash`, `folder_hash`, `extension`, `mime_type`, `name`, `sha1`, `size`, `creation_date`, `modification_date`) VALUES 
("1","0","1688730354","0","0","1","2","0","/ns_theme_newage/age-banner.png","0d66b7b39759feafbd77ae6f655e66c31dba4725","fb668dffab4d11d271c1f29324d11dc6392ee289","png","image/png","age-banner.png","7865079cebad96baebc2ce959dc3a3650b07a5a6","916698","1688730354","1688730354"),
("2","0","1688730354","0","0","1","2","0","/ns_theme_newage/mobile.png","ee878fa96224b7e025db18f64007811d7929bc35","fb668dffab4d11d271c1f29324d11dc6392ee289","png","image/png","mobile.png","b4c5789946f4a5a22c9413ea658816a00ead14f1","238026","1688730354","1688730354"),
("3","0","1688730354","0","0","1","2","0","/ns_theme_newage/general/placeholder_480x270.jpg","055d550541591a7f5b1639a58946ceceea72bf66","c5b95d7a5399d3c30f2bd5d1a55bebce145535b6","jpg","image/jpeg","placeholder_480x270.jpg","3058a3c08346a4b83c2f657ee92657180c442a3f","3351","1688730354","1688730354"),
("4","0","1688730354","0","0","1","2","0","/ns_theme_newage/bg-cta.jpg","5c4581e3a657d59f41dcc5616aded1d459192dd4","fb668dffab4d11d271c1f29324d11dc6392ee289","jpg","image/jpeg","bg-cta.jpg","8483db4f2e16492cb73ccf8d6825ad11d67e4548","98037","1688730354","1688730354"),
("5","0","1688730354","0","0","1","2","0","/ns_theme_newage/app-store-badge.svg","65c8896e14510b93278b13dd46922aba0c818fec","fb668dffab4d11d271c1f29324d11dc6392ee289","svg","image/svg+xml","app-store-badge.svg","da39a3ee5e6b4b0d3255bfef95601890afd80709","0","1688730354","1688730354"),
("6","0","1688730355","0","0","1","1","0","/ns_theme_newage/Form/contact.form.yaml","d5fbe121e7d1dab53583bf681062caee61b9cce1","590173cf156ef8a856f84345eee8bd441ae70a2f","yaml","text/plain","contact.form.yaml","2db5fd8870cc3f480ab8bc3f03c8c58a21a48e51","4193","1688730354","1688730354"),
("7","0","1688732813","0","0","1","2","0","/ns_theme_newage/favicon.ico","b29b1227f64c9b23bf0446100a08a2120e7cdcf1","fb668dffab4d11d271c1f29324d11dc6392ee289","ico","image/vnd.microsoft.icon","favicon.ico","599afe3c1488bb2ba991288b79354902fca9bad6","15086","1688731589","1688730354"),
("8","0","1688732814","0","0","1","2","0","/ns_theme_newage/T3-new-age-logo-white.svg","b1aac81b11b415f663484358272d5711bddbca37","fb668dffab4d11d271c1f29324d11dc6392ee289","svg","image/svg+xml","T3-new-age-logo-white.svg","944b2259bd5ceed50c5c2cee1133daf809f7c537","8542","1688731589","1688730354"),
("9","0","1688732814","0","0","1","2","0","/ns_theme_newage/T3-new-age-logo.svg","308dcd6be0e64e3f20bf98574c5c8ed8f0f8011c","fb668dffab4d11d271c1f29324d11dc6392ee289","svg","image/svg+xml","T3-new-age-logo.svg","5227ea57c9c745bc723263d50b6250a2c276cc5e","8545","1688731589","1688730354"),
("10","0","1688733220","0","0","1","2","0","/ns_theme_newage/download-on-the-app-store.svg","69f480d49fd12ba091a9dcb1589666154ece7a56","fb668dffab4d11d271c1f29324d11dc6392ee289","svg","image/svg+xml","download-on-the-app-store.svg","ee3de176293a98f58cc8b8b53696159818561baa","10305","1688733125","1688733039"),
("11","0","1688733221","0","0","1","2","0","/ns_theme_newage/google-play.svg","85a8ec22e0695f731f48275c36d270d5812c014f","fb668dffab4d11d271c1f29324d11dc6392ee289","svg","image/svg+xml","google-play.svg","4bab263d70e3ea2cbe3a7fab25836aea405b0a4c","18654","1688733125","1688733074");

--
--
-- Dumping data for table `sys_file_metadata`
--

INSERT INTO `sys_file_metadata` (`uid`, `pid`, `tstamp`, `crdate`, `sys_language_uid`, `l10n_parent`, `l10n_state`, `t3_origuid`, `l10n_diffsource`, `t3ver_oid`, `t3ver_wsid`, `t3ver_state`, `t3ver_stage`, `file`, `title`, `width`, `height`, `description`, `alternative`, `categories`) VALUES 
("1","0","1688730346","1688730346","0","0","","0","","0","0","0","0","1","","1902","968","","","0"),
("2","0","1688730346","1688730346","0","0","","0","","0","0","0","0","2","","323","650","","","0"),
("3","0","1688730346","1688730346","0","0","","0","","0","0","0","0","3","","480","270","","","0"),
("4","0","1688730346","1688730346","0","0","","0","","0","0","0","0","4","","1900","1272","","","0"),
("5","0","1688730346","1688730346","0","0","","0","","0","0","0","0","5","","0","0","","","0"),
("6","0","1688730346","1688730346","0","0","","0","","0","0","0","0","6","","0","0","","","0"),
("7","0","1688732813","1688732813","0","0","","0","","0","0","0","0","7","","0","0","","","0"),
("8","0","1688732813","1688732813","0","0","","0","","0","0","0","0","8","","106","25","","","0"),
("9","0","1688732813","1688732813","0","0","","0","","0","0","0","0","9","","106","25","","","0"),
("10","0","1688733220","1688733220","0","0","","0","","0","0","0","0","10","","135","40","","","0"),
("11","0","1688733220","1688733220","0","0","","0","","0","0","0","0","11","","136","40","","","0");

--
--
-- Dumping data for table `sys_file_processedfile`
--

INSERT INTO `sys_file_processedfile` (`uid`, `tstamp`, `crdate`, `storage`, `original`, `identifier`, `name`, `processing_url`, `configuration`, `configurationsha1`, `originalfilesha1`, `task_type`, `checksum`, `width`, `height`) VALUES 
("1","1688730369","1688730346","1","1","","","","a:7:{s:5:\"width\";N;s:6:\"height\";N;s:8:\"minWidth\";N;s:9:\"minHeight\";N;s:8:\"maxWidth\";N;s:9:\"maxHeight\";N;s:4:\"crop\";N;}","24f48d5b4de7d99b7144e6559156976855e74b5d","7865079cebad96baebc2ce959dc3a3650b07a5a6","Image.CropScaleMask","197e201cbd","1902","968"),
("2","1729143726","1688730368","1","2","/_processed_/6/d/csm_mobile_7c1986ff61.png","csm_mobile_7c1986ff61.png","","a:7:{s:5:\"width\";s:5:\"200px\";s:6:\"height\";s:5:\"350px\";s:8:\"minWidth\";N;s:9:\"minHeight\";N;s:8:\"maxWidth\";N;s:9:\"maxHeight\";N;s:4:\"crop\";N;}","ec7cb0c02d49d3ce2585834e14d1ec59840b79bc","b4c5789946f4a5a22c9413ea658816a00ead14f1","Image.CropScaleMask","7c1986ff61","200","350"),
("3","1729143728","1688730346","1","2","","","","a:7:{s:5:\"width\";s:4:\"323c\";s:6:\"height\";s:4:\"650c\";s:8:\"minWidth\";N;s:9:\"minHeight\";N;s:8:\"maxWidth\";N;s:9:\"maxHeight\";N;s:4:\"crop\";N;}","3ebea5694777782416e5821c4ab23afbdddcb41b","b4c5789946f4a5a22c9413ea658816a00ead14f1","Image.CropScaleMask","a3861e883a","323","650"),
("4","1688730375","1688730375","1","5","","","","a:7:{s:5:\"width\";s:4:\"203c\";s:6:\"height\";s:3:\"60c\";s:8:\"minWidth\";N;s:9:\"minHeight\";N;s:8:\"maxWidth\";N;s:9:\"maxHeight\";N;s:4:\"crop\";N;}","63d4c620902deca949f61b5ff84a17a5d7f0b586","da39a3ee5e6b4b0d3255bfef95601890afd80709","Image.CropScaleMask","09add18999","64","64"),
("5","1688731615","1688730346","1","4","","","","a:7:{s:5:\"width\";N;s:6:\"height\";N;s:8:\"minWidth\";N;s:9:\"minHeight\";N;s:8:\"maxWidth\";N;s:9:\"maxHeight\";N;s:4:\"crop\";N;}","24f48d5b4de7d99b7144e6559156976855e74b5d","8483db4f2e16492cb73ccf8d6825ad11d67e4548","Image.CropScaleMask","bfc341e858","1900","1272"),
("6","1688731734","1688731734","1","5","","","","a:7:{s:5:\"width\";s:4:\"323c\";s:6:\"height\";s:4:\"650c\";s:8:\"minWidth\";N;s:9:\"minHeight\";N;s:8:\"maxWidth\";N;s:9:\"maxHeight\";N;s:4:\"crop\";N;}","3ebea5694777782416e5821c4ab23afbdddcb41b","da39a3ee5e6b4b0d3255bfef95601890afd80709","Image.CropScaleMask","d8f19a3e7b","64","64"),
("7","1688740879","1688731922","1","3","/_processed_/c/7/preview_placeholder_480x270_0ea69dae67.jpg","preview_placeholder_480x270_0ea69dae67.jpg","","a:2:{s:5:\"width\";i:64;s:6:\"height\";i:64;}","551dfa8957f1a04693c61acf34bc959a1ca971c4","3058a3c08346a4b83c2f657ee92657180c442a3f","Image.Preview","0ea69dae67","64","36"),
("8","1688731925","1688731925","1","5","","","","a:7:{s:5:\"width\";s:5:\"200px\";s:6:\"height\";s:5:\"350px\";s:8:\"minWidth\";N;s:9:\"minHeight\";N;s:8:\"maxWidth\";N;s:9:\"maxHeight\";N;s:4:\"crop\";N;}","ec7cb0c02d49d3ce2585834e14d1ec59840b79bc","da39a3ee5e6b4b0d3255bfef95601890afd80709","Image.CropScaleMask","4d85aab35b","64","64"),
("9","1688740842","1688732814","1","1","/_processed_/1/9/csm_age-banner_afadd12dfa.png","csm_age-banner_afadd12dfa.png","","a:2:{s:5:\"width\";s:3:\"32c\";s:6:\"height\";s:3:\"32c\";}","48ec22f851d7822181aeed9649f97929e5f0c410","7865079cebad96baebc2ce959dc3a3650b07a5a6","Image.CropScaleMask","afadd12dfa","32","32"),
("10","1688740641","1688732814","1","1","/_processed_/1/9/csm_age-banner_a19c66836c.png","csm_age-banner_a19c66836c.png","","a:7:{s:5:\"width\";N;s:6:\"height\";N;s:8:\"minWidth\";N;s:9:\"minHeight\";N;s:8:\"maxWidth\";i:166;s:9:\"maxHeight\";i:115;s:4:\"crop\";N;}","42bbd46565440d020e85026168e5aeb9653d29fa","7865079cebad96baebc2ce959dc3a3650b07a5a6","Image.CropScaleMask","a19c66836c","166","84"),
("11","1688740842","1688732814","1","4","/_processed_/4/6/csm_bg-cta_b35bf365c1.jpg","csm_bg-cta_b35bf365c1.jpg","","a:2:{s:5:\"width\";s:3:\"32c\";s:6:\"height\";s:3:\"32c\";}","48ec22f851d7822181aeed9649f97929e5f0c410","8483db4f2e16492cb73ccf8d6825ad11d67e4548","Image.CropScaleMask","b35bf365c1","32","32"),
("12","1688740641","1688732814","1","4","/_processed_/4/6/csm_bg-cta_4094d101b9.jpg","csm_bg-cta_4094d101b9.jpg","","a:7:{s:5:\"width\";N;s:6:\"height\";N;s:8:\"minWidth\";N;s:9:\"minHeight\";N;s:8:\"maxWidth\";i:166;s:9:\"maxHeight\";i:115;s:4:\"crop\";N;}","42bbd46565440d020e85026168e5aeb9653d29fa","8483db4f2e16492cb73ccf8d6825ad11d67e4548","Image.CropScaleMask","4094d101b9","166","111"),
("13","1688740842","1688732814","1","2","/_processed_/6/d/csm_mobile_64f2f8a0cf.png","csm_mobile_64f2f8a0cf.png","","a:2:{s:5:\"width\";s:3:\"32c\";s:6:\"height\";s:3:\"32c\";}","48ec22f851d7822181aeed9649f97929e5f0c410","b4c5789946f4a5a22c9413ea658816a00ead14f1","Image.CropScaleMask","64f2f8a0cf","32","32"),
("14","1688740641","1688732814","1","2","/_processed_/6/d/csm_mobile_e03d81b2bc.png","csm_mobile_e03d81b2bc.png","","a:7:{s:5:\"width\";N;s:6:\"height\";N;s:8:\"minWidth\";N;s:9:\"minHeight\";N;s:8:\"maxWidth\";i:166;s:9:\"maxHeight\";i:115;s:4:\"crop\";N;}","42bbd46565440d020e85026168e5aeb9653d29fa","b4c5789946f4a5a22c9413ea658816a00ead14f1","Image.CropScaleMask","e03d81b2bc","57","115"),
("15","1688732814","1688732814","1","8","","","","a:2:{s:5:\"width\";s:3:\"32c\";s:6:\"height\";s:3:\"32c\";}","48ec22f851d7822181aeed9649f97929e5f0c410","944b2259bd5ceed50c5c2cee1133daf809f7c537","Image.CropScaleMask","41df674e8a","32","8"),
("16","1688732814","1688732814","1","8","","","","a:7:{s:5:\"width\";N;s:6:\"height\";N;s:8:\"minWidth\";N;s:9:\"minHeight\";N;s:8:\"maxWidth\";i:166;s:9:\"maxHeight\";i:115;s:4:\"crop\";N;}","42bbd46565440d020e85026168e5aeb9653d29fa","944b2259bd5ceed50c5c2cee1133daf809f7c537","Image.CropScaleMask","3ab1df40d7","106","25"),
("17","1688732814","1688732814","1","9","","","","a:2:{s:5:\"width\";s:3:\"32c\";s:6:\"height\";s:3:\"32c\";}","48ec22f851d7822181aeed9649f97929e5f0c410","5227ea57c9c745bc723263d50b6250a2c276cc5e","Image.CropScaleMask","779becfc99","32","8"),
("18","1688732814","1688732814","1","9","","","","a:7:{s:5:\"width\";N;s:6:\"height\";N;s:8:\"minWidth\";N;s:9:\"minHeight\";N;s:8:\"maxWidth\";i:166;s:9:\"maxHeight\";i:115;s:4:\"crop\";N;}","42bbd46565440d020e85026168e5aeb9653d29fa","5227ea57c9c745bc723263d50b6250a2c276cc5e","Image.CropScaleMask","67b340ab5c","106","25"),
("19","1688733221","1688733221","1","10","","","","a:2:{s:5:\"width\";s:3:\"32c\";s:6:\"height\";s:3:\"32c\";}","48ec22f851d7822181aeed9649f97929e5f0c410","ee3de176293a98f58cc8b8b53696159818561baa","Image.CropScaleMask","7a76e70e0b","32","9"),
("20","1688733221","1688733221","1","10","","","","a:7:{s:5:\"width\";N;s:6:\"height\";N;s:8:\"minWidth\";N;s:9:\"minHeight\";N;s:8:\"maxWidth\";i:166;s:9:\"maxHeight\";i:115;s:4:\"crop\";N;}","42bbd46565440d020e85026168e5aeb9653d29fa","ee3de176293a98f58cc8b8b53696159818561baa","Image.CropScaleMask","2fc978027e","135","40"),
("21","1688733221","1688733221","1","11","","","","a:2:{s:5:\"width\";s:3:\"32c\";s:6:\"height\";s:3:\"32c\";}","48ec22f851d7822181aeed9649f97929e5f0c410","4bab263d70e3ea2cbe3a7fab25836aea405b0a4c","Image.CropScaleMask","6fab7777f8","32","9"),
("22","1688733221","1688733221","1","11","","","","a:7:{s:5:\"width\";N;s:6:\"height\";N;s:8:\"minWidth\";N;s:9:\"minHeight\";N;s:8:\"maxWidth\";i:166;s:9:\"maxHeight\";i:115;s:4:\"crop\";N;}","42bbd46565440d020e85026168e5aeb9653d29fa","4bab263d70e3ea2cbe3a7fab25836aea405b0a4c","Image.CropScaleMask","4109f3ce07","136","40"),
("23","1688733225","1688733225","1","10","","","","a:7:{s:5:\"width\";N;s:6:\"height\";N;s:8:\"minWidth\";N;s:9:\"minHeight\";N;s:8:\"maxWidth\";N;s:9:\"maxHeight\";i:150;s:4:\"crop\";N;}","cfe93cbb07d0cfbe7800b799777ad2e70305dbab","ee3de176293a98f58cc8b8b53696159818561baa","Image.CropScaleMask","f20eba1a11","135","40"),
("24","1688733225","1688733225","1","10","","","","a:4:{s:8:\"maxWidth\";i:145;s:9:\"maxHeight\";i:45;s:6:\"height\";i:64;s:5:\"width\";i:64;}","b3e317f9f77f68db09e6fd33b1c3646d0c21ce81","ee3de176293a98f58cc8b8b53696159818561baa","Image.CropScaleMask","45fdf35b2b","64","19"),
("25","1688733228","1688733228","1","11","","","","a:7:{s:5:\"width\";N;s:6:\"height\";N;s:8:\"minWidth\";N;s:9:\"minHeight\";N;s:8:\"maxWidth\";N;s:9:\"maxHeight\";i:150;s:4:\"crop\";N;}","cfe93cbb07d0cfbe7800b799777ad2e70305dbab","4bab263d70e3ea2cbe3a7fab25836aea405b0a4c","Image.CropScaleMask","e8dfbf2d55","136","40"),
("26","1688733228","1688733228","1","11","","","","a:4:{s:8:\"maxWidth\";i:145;s:9:\"maxHeight\";i:45;s:6:\"height\";i:64;s:5:\"width\";i:64;}","b3e317f9f77f68db09e6fd33b1c3646d0c21ce81","4bab263d70e3ea2cbe3a7fab25836aea405b0a4c","Image.CropScaleMask","1f17533d76","64","19"),
("27","1688740823","1688733584","1","4","/_processed_/4/6/csm_bg-cta_adadd28157.jpg","csm_bg-cta_adadd28157.jpg","","a:7:{s:5:\"width\";N;s:6:\"height\";N;s:8:\"minWidth\";N;s:9:\"minHeight\";N;s:8:\"maxWidth\";N;s:9:\"maxHeight\";i:150;s:4:\"crop\";N;}","cfe93cbb07d0cfbe7800b799777ad2e70305dbab","8483db4f2e16492cb73ccf8d6825ad11d67e4548","Image.CropScaleMask","adadd28157","225","150"),
("28","1688740823","1688733584","1","4","/_processed_/4/6/csm_bg-cta_cae78bc9fb.jpg","csm_bg-cta_cae78bc9fb.jpg","","a:4:{s:8:\"maxWidth\";i:145;s:9:\"maxHeight\";i:45;s:6:\"height\";i:64;s:5:\"width\";i:64;}","b3e317f9f77f68db09e6fd33b1c3646d0c21ce81","8483db4f2e16492cb73ccf8d6825ad11d67e4548","Image.CropScaleMask","cae78bc9fb","64","43"),
("29","1688740914","1688734020","1","1","/_processed_/1/9/csm_age-banner_68ab72d09a.png","csm_age-banner_68ab72d09a.png","","a:4:{s:8:\"maxWidth\";i:145;s:9:\"maxHeight\";i:45;s:6:\"height\";i:64;s:5:\"width\";i:64;}","b3e317f9f77f68db09e6fd33b1c3646d0c21ce81","7865079cebad96baebc2ce959dc3a3650b07a5a6","Image.CropScaleMask","68ab72d09a","64","33"),
("30","1688740253","1688734020","1","2","/_processed_/6/d/csm_mobile_e80b35d0c5.png","csm_mobile_e80b35d0c5.png","","a:4:{s:8:\"maxWidth\";i:145;s:9:\"maxHeight\";i:45;s:6:\"height\";i:64;s:5:\"width\";i:64;}","b3e317f9f77f68db09e6fd33b1c3646d0c21ce81","b4c5789946f4a5a22c9413ea658816a00ead14f1","Image.CropScaleMask","e80b35d0c5","22","45"),
("31","1688740880","1688740880","1","3","","","","a:3:{s:5:\"width\";i:480;s:6:\"height\";i:270;s:4:\"crop\";N;}","7c1600810c875625e6313e8721790f84e188caef","3058a3c08346a4b83c2f657ee92657180c442a3f","Image.CropScaleMask","3c1217a487","0","0"),
("32","1688740880","1688740880","1","3","/_processed_/c/7/csm_placeholder_480x270_c7bb3e39f9.jpg","csm_placeholder_480x270_c7bb3e39f9.jpg","","a:3:{s:5:\"width\";i:193;s:6:\"height\";i:108;s:4:\"crop\";N;}","2c47cad5311b7bc73e82ad3590d8d1995870c089","3058a3c08346a4b83c2f657ee92657180c442a3f","Image.CropScaleMask","c7bb3e39f9","193","108"),
("33","1688740880","1688740880","1","3","/_processed_/c/7/csm_placeholder_480x270_2ec41f2905.jpg","csm_placeholder_480x270_2ec41f2905.jpg","","a:3:{s:5:\"width\";i:300;s:6:\"height\";i:168;s:4:\"crop\";N;}","8d9eef97c18a1544a224d1e2bb8e794b5d8881e3","3058a3c08346a4b83c2f657ee92657180c442a3f","Image.CropScaleMask","2ec41f2905","300","168"),
("34","1688740880","1688740880","1","3","/_processed_/c/7/csm_placeholder_480x270_b6769f6fb0.jpg","csm_placeholder_480x270_b6769f6fb0.jpg","","a:3:{s:5:\"width\";i:93;s:6:\"height\";i:52;s:4:\"crop\";N;}","fffce2e9e75fa1c44ca4e655688262f094d62e54","3058a3c08346a4b83c2f657ee92657180c442a3f","Image.CropScaleMask","b6769f6fb0","93","52"),
("35","1688741089","1688741089","1","10","","","","a:2:{s:5:\"width\";i:150;s:6:\"height\";i:150;}","55d97d4e532f03dbc8a5053eac06a25a43ca2e20","ee3de176293a98f58cc8b8b53696159818561baa","Image.Preview","235881f06e","135","40");

--
--
-- Dumping data for table `sys_file_reference`
--

INSERT INTO `sys_file_reference` (`uid`, `pid`, `tstamp`, `crdate`, `deleted`, `hidden`, `sys_language_uid`, `l10n_parent`, `l10n_state`, `l10n_diffsource`, `t3ver_oid`, `t3ver_wsid`, `t3ver_state`, `t3ver_stage`, `uid_local`, `uid_foreign`, `tablenames`, `fieldname`, `sorting_foreign`, `title`, `description`, `alternative`, `link`, `crop`, `autoplay`) VALUES 
("2","13","1688730346","1688730346","0","0","0","0","","a:1:{s:6:\"hidden\";N;}","0","0","0","0","5","1","tt_content","image","1","","","","","{\"specialMobile\":{\"cropArea\":{\"x\":0,\"y\":0,\"width\":1,\"height\":1},\"selectedRatio\":\"NaN\",\"focusArea\":null},\"specialTablet\":{\"cropArea\":{\"x\":0,\"y\":0,\"width\":1,\"height\":1},\"selectedRatio\":\"NaN\",\"focusArea\":null},\"default\":{\"cropArea\":{\"x\":0,\"y\":0,\"width\":1,\"height\":1},\"selectedRatio\":\"NaN\",\"focusArea\":null}}","0"),
("3","13","1688730346","1688730346","0","0","0","0","","","0","0","0","0","5","25","tt_content","image1","1","","","","","{\"specialMobile\":{\"cropArea\":{\"x\":0,\"y\":0,\"width\":1,\"height\":1},\"selectedRatio\":\"NaN\",\"focusArea\":null},\"specialTablet\":{\"cropArea\":{\"x\":0,\"y\":0,\"width\":1,\"height\":1},\"selectedRatio\":\"NaN\",\"focusArea\":null},\"default\":{\"cropArea\":{\"x\":0,\"y\":0,\"width\":1,\"height\":1},\"selectedRatio\":\"NaN\",\"focusArea\":null}}","0"),
("4","13","1688730346","1688730346","0","0","0","0","","a:1:{s:6:\"hidden\";N;}","0","0","0","0","5","26","tt_content","image1","1","","","","","{\"specialMobile\":{\"cropArea\":{\"x\":0,\"y\":0,\"width\":1,\"height\":1},\"selectedRatio\":\"NaN\",\"focusArea\":null},\"specialTablet\":{\"cropArea\":{\"x\":0,\"y\":0,\"width\":1,\"height\":1},\"selectedRatio\":\"NaN\",\"focusArea\":null},\"default\":{\"cropArea\":{\"x\":0,\"y\":0,\"width\":1,\"height\":1},\"selectedRatio\":\"NaN\",\"focusArea\":null}}","0"),
("5","13","1688730346","1688730346","0","0","0","0","","","0","0","0","0","5","8","tt_content","file3","1","","","","","{\"specialMobile\":{\"cropArea\":{\"x\":0,\"y\":0,\"width\":1,\"height\":1},\"selectedRatio\":\"NaN\",\"focusArea\":null},\"specialTablet\":{\"cropArea\":{\"x\":0,\"y\":0,\"width\":1,\"height\":1},\"selectedRatio\":\"NaN\",\"focusArea\":null},\"default\":{\"cropArea\":{\"x\":0,\"y\":0,\"width\":1,\"height\":1},\"selectedRatio\":\"NaN\",\"focusArea\":null}}","0"),
("6","13","1688730346","1688730346","0","0","0","0","","a:8:{s:11:\"alternative\";N;s:11:\"description\";N;s:4:\"link\";N;s:5:\"title\";N;s:4:\"crop\";N;s:9:\"uid_local\";N;s:6:\"hidden\";N;s:16:\"sys_language_uid\";N;}","0","0","0","0","4","2","tt_content","file2","1","","","","","{\"default\":{\"cropArea\":{\"x\":0,\"y\":0,\"width\":1,\"height\":1},\"selectedRatio\":\"NaN\",\"focusArea\":null}}","0"),
("7","13","1688730346","1688730346","0","0","0","0","","","0","0","0","0","2","1","tt_content","media","1","","","","","{\"default\":{\"cropArea\":{\"x\":0,\"y\":0,\"width\":1,\"height\":1},\"selectedRatio\":\"NaN\",\"focusArea\":null}}","0"),
("8","12","1688730346","1688730346","0","0","0","0","","a:1:{s:6:\"hidden\";N;}","0","0","0","0","2","2","tt_content","image","1","","","","","{\"specialMobile\":{\"cropArea\":{\"x\":0,\"y\":0,\"width\":1,\"height\":1},\"selectedRatio\":\"NaN\",\"focusArea\":null},\"specialTablet\":{\"cropArea\":{\"x\":0,\"y\":0,\"width\":1,\"height\":1},\"selectedRatio\":\"NaN\",\"focusArea\":null},\"default\":{\"cropArea\":{\"x\":0,\"y\":0,\"width\":1,\"height\":1},\"selectedRatio\":\"NaN\",\"focusArea\":null}}","0"),
("9","11","1688730346","1688730346","0","0","0","0","","a:1:{s:6:\"hidden\";N;}","0","0","0","0","4","3","tt_content","image","1","","","","","{\"specialMobile\":{\"cropArea\":{\"x\":0,\"y\":0,\"width\":1,\"height\":1},\"selectedRatio\":\"NaN\",\"focusArea\":null},\"specialTablet\":{\"cropArea\":{\"x\":0,\"y\":0,\"width\":1,\"height\":1},\"selectedRatio\":\"NaN\",\"focusArea\":null},\"default\":{\"cropArea\":{\"x\":0,\"y\":0,\"width\":1,\"height\":1},\"selectedRatio\":\"NaN\",\"focusArea\":null}}","0"),
("10","11","1688730346","1688730346","0","0","0","0","","","0","0","0","0","4","11","pages","media","1","","","","","{\"default\":{\"cropArea\":{\"x\":0,\"y\":0,\"width\":1,\"height\":1},\"selectedRatio\":\"NaN\",\"focusArea\":null}}","0"),
("11","8","1688730346","1688730346","0","0","0","0","","","0","0","0","0","3","21","tt_content","image","1","","","","","{\"specialMobile\":{\"cropArea\":{\"x\":0,\"y\":0,\"width\":1,\"height\":1},\"selectedRatio\":\"NaN\",\"focusArea\":null},\"specialTablet\":{\"cropArea\":{\"x\":0,\"y\":0,\"width\":1,\"height\":1},\"selectedRatio\":\"NaN\",\"focusArea\":null},\"default\":{\"cropArea\":{\"x\":0,\"y\":0,\"width\":1,\"height\":1},\"selectedRatio\":\"NaN\",\"focusArea\":null}}","0"),
("12","8","1688730346","1688730346","0","0","0","0","","","0","0","0","0","3","19","tt_content","image","1","","","","","{\"specialMobile\":{\"cropArea\":{\"x\":0,\"y\":0,\"width\":1,\"height\":1},\"selectedRatio\":\"NaN\",\"focusArea\":null},\"specialTablet\":{\"cropArea\":{\"x\":0,\"y\":0,\"width\":1,\"height\":1},\"selectedRatio\":\"NaN\",\"focusArea\":null},\"default\":{\"cropArea\":{\"x\":0,\"y\":0,\"width\":1,\"height\":1},\"selectedRatio\":\"NaN\",\"focusArea\":null}}","0"),
("13","8","1688730346","1688730346","0","0","0","0","","","0","0","0","0","3","18","tt_content","image","1","","","","","{\"specialMobile\":{\"cropArea\":{\"x\":0,\"y\":0,\"width\":1,\"height\":1},\"selectedRatio\":\"NaN\",\"focusArea\":null},\"specialTablet\":{\"cropArea\":{\"x\":0,\"y\":0,\"width\":1,\"height\":1},\"selectedRatio\":\"NaN\",\"focusArea\":null},\"default\":{\"cropArea\":{\"x\":0,\"y\":0,\"width\":1,\"height\":1},\"selectedRatio\":\"NaN\",\"focusArea\":null}}","0"),
("14","8","1688730346","1688730346","0","0","0","0","","","0","0","0","0","3","18","tt_content","image","2","","","","","{\"specialMobile\":{\"cropArea\":{\"x\":0,\"y\":0,\"width\":1,\"height\":1},\"selectedRatio\":\"NaN\",\"focusArea\":null},\"specialTablet\":{\"cropArea\":{\"x\":0,\"y\":0,\"width\":1,\"height\":1},\"selectedRatio\":\"NaN\",\"focusArea\":null},\"default\":{\"cropArea\":{\"x\":0,\"y\":0,\"width\":1,\"height\":1},\"selectedRatio\":\"NaN\",\"focusArea\":null}}","0"),
("15","8","1688730346","1688730346","0","0","0","0","","","0","0","0","0","3","18","tt_content","image","3","","","","","{\"specialMobile\":{\"cropArea\":{\"x\":0,\"y\":0,\"width\":1,\"height\":1},\"selectedRatio\":\"NaN\",\"focusArea\":null},\"specialTablet\":{\"cropArea\":{\"x\":0,\"y\":0,\"width\":1,\"height\":1},\"selectedRatio\":\"NaN\",\"focusArea\":null},\"default\":{\"cropArea\":{\"x\":0,\"y\":0,\"width\":1,\"height\":1},\"selectedRatio\":\"NaN\",\"focusArea\":null}}","0"),
("16","8","1688730346","1688730346","0","0","0","0","","","0","0","0","0","3","17","tt_content","image","1","","","","","{\"specialMobile\":{\"cropArea\":{\"x\":0,\"y\":0,\"width\":1,\"height\":1},\"selectedRatio\":\"NaN\",\"focusArea\":null},\"specialTablet\":{\"cropArea\":{\"x\":0,\"y\":0,\"width\":1,\"height\":1},\"selectedRatio\":\"NaN\",\"focusArea\":null},\"default\":{\"cropArea\":{\"x\":0,\"y\":0,\"width\":1,\"height\":1},\"selectedRatio\":\"NaN\",\"focusArea\":null}}","0"),
("17","8","1688730346","1688730346","0","0","0","0","","","0","0","0","0","3","16","tt_content","image","1","","","","","{\"specialMobile\":{\"cropArea\":{\"x\":0,\"y\":0,\"width\":1,\"height\":1},\"selectedRatio\":\"NaN\",\"focusArea\":null},\"specialTablet\":{\"cropArea\":{\"x\":0,\"y\":0,\"width\":1,\"height\":1},\"selectedRatio\":\"NaN\",\"focusArea\":null},\"default\":{\"cropArea\":{\"x\":0,\"y\":0,\"width\":1,\"height\":1},\"selectedRatio\":\"NaN\",\"focusArea\":null}}","0"),
("18","8","1688730346","1688730346","0","0","0","0","","","0","0","0","0","3","16","tt_content","image","2","","","","","{\"specialMobile\":{\"cropArea\":{\"x\":0,\"y\":0,\"width\":1,\"height\":1},\"selectedRatio\":\"NaN\",\"focusArea\":null},\"specialTablet\":{\"cropArea\":{\"x\":0,\"y\":0,\"width\":1,\"height\":1},\"selectedRatio\":\"NaN\",\"focusArea\":null},\"default\":{\"cropArea\":{\"x\":0,\"y\":0,\"width\":1,\"height\":1},\"selectedRatio\":\"NaN\",\"focusArea\":null}}","0"),
("19","8","1688730346","1688730346","0","0","0","0","","","0","0","0","0","3","16","tt_content","image","3","","","","","{\"specialMobile\":{\"cropArea\":{\"x\":0,\"y\":0,\"width\":1,\"height\":1},\"selectedRatio\":\"NaN\",\"focusArea\":null},\"specialTablet\":{\"cropArea\":{\"x\":0,\"y\":0,\"width\":1,\"height\":1},\"selectedRatio\":\"NaN\",\"focusArea\":null},\"default\":{\"cropArea\":{\"x\":0,\"y\":0,\"width\":1,\"height\":1},\"selectedRatio\":\"NaN\",\"focusArea\":null}}","0"),
("20","8","1688730346","1688730346","0","0","0","0","","","0","0","0","0","3","15","tt_content","image","1","","","","","{\"specialMobile\":{\"cropArea\":{\"x\":0,\"y\":0,\"width\":1,\"height\":1},\"selectedRatio\":\"NaN\",\"focusArea\":null},\"specialTablet\":{\"cropArea\":{\"x\":0,\"y\":0,\"width\":1,\"height\":1},\"selectedRatio\":\"NaN\",\"focusArea\":null},\"default\":{\"cropArea\":{\"x\":0,\"y\":0,\"width\":1,\"height\":1},\"selectedRatio\":\"NaN\",\"focusArea\":null}}","0"),
("21","8","1688730346","1688730346","0","0","0","0","","","0","0","0","0","3","14","tt_content","image","1","","","","","{\"specialMobile\":{\"cropArea\":{\"x\":0,\"y\":0,\"width\":1,\"height\":1},\"selectedRatio\":\"NaN\",\"focusArea\":null},\"specialTablet\":{\"cropArea\":{\"x\":0,\"y\":0,\"width\":1,\"height\":1},\"selectedRatio\":\"NaN\",\"focusArea\":null},\"default\":{\"cropArea\":{\"x\":0,\"y\":0,\"width\":1,\"height\":1},\"selectedRatio\":\"NaN\",\"focusArea\":null}}","0"),
("22","8","1688730346","1688730346","0","0","0","0","","","0","0","0","0","3","14","tt_content","image","2","","","","","{\"specialMobile\":{\"cropArea\":{\"x\":0,\"y\":0,\"width\":1,\"height\":1},\"selectedRatio\":\"NaN\",\"focusArea\":null},\"specialTablet\":{\"cropArea\":{\"x\":0,\"y\":0,\"width\":1,\"height\":1},\"selectedRatio\":\"NaN\",\"focusArea\":null},\"default\":{\"cropArea\":{\"x\":0,\"y\":0,\"width\":1,\"height\":1},\"selectedRatio\":\"NaN\",\"focusArea\":null}}","0"),
("23","8","1688730346","1688730346","0","0","0","0","","","0","0","0","0","3","14","tt_content","image","3","","","","","{\"specialMobile\":{\"cropArea\":{\"x\":0,\"y\":0,\"width\":1,\"height\":1},\"selectedRatio\":\"NaN\",\"focusArea\":null},\"specialTablet\":{\"cropArea\":{\"x\":0,\"y\":0,\"width\":1,\"height\":1},\"selectedRatio\":\"NaN\",\"focusArea\":null},\"default\":{\"cropArea\":{\"x\":0,\"y\":0,\"width\":1,\"height\":1},\"selectedRatio\":\"NaN\",\"focusArea\":null}}","0"),
("24","8","1688730346","1688730346","0","0","0","0","","","0","0","0","0","3","13","tt_content","image","1","","","","","{\"specialMobile\":{\"cropArea\":{\"x\":0,\"y\":0,\"width\":1,\"height\":1},\"selectedRatio\":\"NaN\",\"focusArea\":null},\"specialTablet\":{\"cropArea\":{\"x\":0,\"y\":0,\"width\":1,\"height\":1},\"selectedRatio\":\"NaN\",\"focusArea\":null},\"default\":{\"cropArea\":{\"x\":0,\"y\":0,\"width\":1,\"height\":1},\"selectedRatio\":\"NaN\",\"focusArea\":null}}","0"),
("25","8","1688730346","1688730346","0","0","0","0","","","0","0","0","0","3","12","tt_content","image","1","","","","","{\"specialMobile\":{\"cropArea\":{\"x\":0,\"y\":0,\"width\":1,\"height\":1},\"selectedRatio\":\"NaN\",\"focusArea\":null},\"specialTablet\":{\"cropArea\":{\"x\":0,\"y\":0,\"width\":1,\"height\":1},\"selectedRatio\":\"NaN\",\"focusArea\":null},\"default\":{\"cropArea\":{\"x\":0,\"y\":0,\"width\":1,\"height\":1},\"selectedRatio\":\"NaN\",\"focusArea\":null}}","0"),
("26","8","1688730346","1688730346","0","0","0","0","","","0","0","0","0","3","12","tt_content","image","2","","","","","{\"specialMobile\":{\"cropArea\":{\"x\":0,\"y\":0,\"width\":1,\"height\":1},\"selectedRatio\":\"NaN\",\"focusArea\":null},\"specialTablet\":{\"cropArea\":{\"x\":0,\"y\":0,\"width\":1,\"height\":1},\"selectedRatio\":\"NaN\",\"focusArea\":null},\"default\":{\"cropArea\":{\"x\":0,\"y\":0,\"width\":1,\"height\":1},\"selectedRatio\":\"NaN\",\"focusArea\":null}}","0"),
("27","8","1688730346","1688730346","0","0","0","0","","","0","0","0","0","3","12","tt_content","image","3","","","","","{\"specialMobile\":{\"cropArea\":{\"x\":0,\"y\":0,\"width\":1,\"height\":1},\"selectedRatio\":\"NaN\",\"focusArea\":null},\"specialTablet\":{\"cropArea\":{\"x\":0,\"y\":0,\"width\":1,\"height\":1},\"selectedRatio\":\"NaN\",\"focusArea\":null},\"default\":{\"cropArea\":{\"x\":0,\"y\":0,\"width\":1,\"height\":1},\"selectedRatio\":\"NaN\",\"focusArea\":null}}","0"),
("28","8","1688730346","1688730346","0","0","0","0","","","0","0","0","0","3","11","tt_content","image","1","","","","","{\"specialMobile\":{\"cropArea\":{\"x\":0,\"y\":0,\"width\":1,\"height\":1},\"selectedRatio\":\"NaN\",\"focusArea\":null},\"specialTablet\":{\"cropArea\":{\"x\":0,\"y\":0,\"width\":1,\"height\":1},\"selectedRatio\":\"NaN\",\"focusArea\":null},\"default\":{\"cropArea\":{\"x\":0,\"y\":0,\"width\":1,\"height\":1},\"selectedRatio\":\"NaN\",\"focusArea\":null}}","0"),
("29","8","1688730346","1688730346","0","0","0","0","","","0","0","0","0","3","10","tt_content","image","1","","","","","{\"specialMobile\":{\"cropArea\":{\"x\":0,\"y\":0,\"width\":1,\"height\":1},\"selectedRatio\":\"NaN\",\"focusArea\":null},\"specialTablet\":{\"cropArea\":{\"x\":0,\"y\":0,\"width\":1,\"height\":1},\"selectedRatio\":\"NaN\",\"focusArea\":null},\"default\":{\"cropArea\":{\"x\":0,\"y\":0,\"width\":1,\"height\":1},\"selectedRatio\":\"NaN\",\"focusArea\":null}}","0"),
("30","8","1688730346","1688730346","0","0","0","0","","","0","0","0","0","3","10","tt_content","image","2","","","","","{\"specialMobile\":{\"cropArea\":{\"x\":0,\"y\":0,\"width\":1,\"height\":1},\"selectedRatio\":\"NaN\",\"focusArea\":null},\"specialTablet\":{\"cropArea\":{\"x\":0,\"y\":0,\"width\":1,\"height\":1},\"selectedRatio\":\"NaN\",\"focusArea\":null},\"default\":{\"cropArea\":{\"x\":0,\"y\":0,\"width\":1,\"height\":1},\"selectedRatio\":\"NaN\",\"focusArea\":null}}","0"),
("31","8","1688730346","1688730346","0","0","0","0","","","0","0","0","0","3","10","tt_content","image","3","","","","","{\"specialMobile\":{\"cropArea\":{\"x\":0,\"y\":0,\"width\":1,\"height\":1},\"selectedRatio\":\"NaN\",\"focusArea\":null},\"specialTablet\":{\"cropArea\":{\"x\":0,\"y\":0,\"width\":1,\"height\":1},\"selectedRatio\":\"NaN\",\"focusArea\":null},\"default\":{\"cropArea\":{\"x\":0,\"y\":0,\"width\":1,\"height\":1},\"selectedRatio\":\"NaN\",\"focusArea\":null}}","0"),
("32","8","1688730346","1688730346","0","0","0","0","","","0","0","0","0","3","9","tt_content","image","1","","","","","{\"specialMobile\":{\"cropArea\":{\"x\":0,\"y\":0,\"width\":1,\"height\":1},\"selectedRatio\":\"NaN\",\"focusArea\":null},\"specialTablet\":{\"cropArea\":{\"x\":0,\"y\":0,\"width\":1,\"height\":1},\"selectedRatio\":\"NaN\",\"focusArea\":null},\"default\":{\"cropArea\":{\"x\":0,\"y\":0,\"width\":1,\"height\":1},\"selectedRatio\":\"NaN\",\"focusArea\":null}}","0"),
("33","8","1688730346","1688730346","0","0","0","0","","","0","0","0","0","3","9","tt_content","image","2","","","","","{\"specialMobile\":{\"cropArea\":{\"x\":0,\"y\":0,\"width\":1,\"height\":1},\"selectedRatio\":\"NaN\",\"focusArea\":null},\"specialTablet\":{\"cropArea\":{\"x\":0,\"y\":0,\"width\":1,\"height\":1},\"selectedRatio\":\"NaN\",\"focusArea\":null},\"default\":{\"cropArea\":{\"x\":0,\"y\":0,\"width\":1,\"height\":1},\"selectedRatio\":\"NaN\",\"focusArea\":null}}","0"),
("34","8","1688730346","1688730346","0","0","0","0","","","0","0","0","0","3","9","tt_content","image","3","","","","","{\"specialMobile\":{\"cropArea\":{\"x\":0,\"y\":0,\"width\":1,\"height\":1},\"selectedRatio\":\"NaN\",\"focusArea\":null},\"specialTablet\":{\"cropArea\":{\"x\":0,\"y\":0,\"width\":1,\"height\":1},\"selectedRatio\":\"NaN\",\"focusArea\":null},\"default\":{\"cropArea\":{\"x\":0,\"y\":0,\"width\":1,\"height\":1},\"selectedRatio\":\"NaN\",\"focusArea\":null}}","0"),
("35","8","1688730346","1688730346","0","0","0","0","","","0","0","0","0","3","8","tt_content","image","1","","","","","{\"specialMobile\":{\"cropArea\":{\"x\":0,\"y\":0,\"width\":1,\"height\":1},\"selectedRatio\":\"NaN\",\"focusArea\":null},\"specialTablet\":{\"cropArea\":{\"x\":0,\"y\":0,\"width\":1,\"height\":1},\"selectedRatio\":\"NaN\",\"focusArea\":null},\"default\":{\"cropArea\":{\"x\":0,\"y\":0,\"width\":1,\"height\":1},\"selectedRatio\":\"NaN\",\"focusArea\":null}}","0"),
("36","8","1688730346","1688730346","0","0","0","0","","","0","0","0","0","3","7","tt_content","image","1","","","","","{\"specialMobile\":{\"cropArea\":{\"x\":0,\"y\":0,\"width\":1,\"height\":1},\"selectedRatio\":\"NaN\",\"focusArea\":null},\"specialTablet\":{\"cropArea\":{\"x\":0,\"y\":0,\"width\":1,\"height\":1},\"selectedRatio\":\"NaN\",\"focusArea\":null},\"default\":{\"cropArea\":{\"x\":0,\"y\":0,\"width\":1,\"height\":1},\"selectedRatio\":\"NaN\",\"focusArea\":null}}","0"),
("37","8","1688730346","1688730346","0","0","0","0","","","0","0","0","0","3","7","tt_content","image","2","","","","","{\"specialMobile\":{\"cropArea\":{\"x\":0,\"y\":0,\"width\":1,\"height\":1},\"selectedRatio\":\"NaN\",\"focusArea\":null},\"specialTablet\":{\"cropArea\":{\"x\":0,\"y\":0,\"width\":1,\"height\":1},\"selectedRatio\":\"NaN\",\"focusArea\":null},\"default\":{\"cropArea\":{\"x\":0,\"y\":0,\"width\":1,\"height\":1},\"selectedRatio\":\"NaN\",\"focusArea\":null}}","0"),
("38","8","1688730346","1688730346","0","0","0","0","","","0","0","0","0","3","7","tt_content","image","3","","","","","{\"specialMobile\":{\"cropArea\":{\"x\":0,\"y\":0,\"width\":1,\"height\":1},\"selectedRatio\":\"NaN\",\"focusArea\":null},\"specialTablet\":{\"cropArea\":{\"x\":0,\"y\":0,\"width\":1,\"height\":1},\"selectedRatio\":\"NaN\",\"focusArea\":null},\"default\":{\"cropArea\":{\"x\":0,\"y\":0,\"width\":1,\"height\":1},\"selectedRatio\":\"NaN\",\"focusArea\":null}}","0"),
("39","8","1688730346","1688730346","0","0","0","0","","","0","0","0","0","3","6","tt_content","image","1","","","","","{\"specialMobile\":{\"cropArea\":{\"x\":0,\"y\":0,\"width\":1,\"height\":1},\"selectedRatio\":\"NaN\",\"focusArea\":null},\"specialTablet\":{\"cropArea\":{\"x\":0,\"y\":0,\"width\":1,\"height\":1},\"selectedRatio\":\"NaN\",\"focusArea\":null},\"default\":{\"cropArea\":{\"x\":0,\"y\":0,\"width\":1,\"height\":1},\"selectedRatio\":\"NaN\",\"focusArea\":null}}","0"),
("40","8","1688730346","1688730346","0","0","0","0","","","0","0","0","0","3","6","tt_content","image","2","","","","","{\"specialMobile\":{\"cropArea\":{\"x\":0,\"y\":0,\"width\":1,\"height\":1},\"selectedRatio\":\"NaN\",\"focusArea\":null},\"specialTablet\":{\"cropArea\":{\"x\":0,\"y\":0,\"width\":1,\"height\":1},\"selectedRatio\":\"NaN\",\"focusArea\":null},\"default\":{\"cropArea\":{\"x\":0,\"y\":0,\"width\":1,\"height\":1},\"selectedRatio\":\"NaN\",\"focusArea\":null}}","0"),
("41","8","1688730346","1688730346","0","0","0","0","","","0","0","0","0","3","6","tt_content","image","3","","","","","{\"specialMobile\":{\"cropArea\":{\"x\":0,\"y\":0,\"width\":1,\"height\":1},\"selectedRatio\":\"NaN\",\"focusArea\":null},\"specialTablet\":{\"cropArea\":{\"x\":0,\"y\":0,\"width\":1,\"height\":1},\"selectedRatio\":\"NaN\",\"focusArea\":null},\"default\":{\"cropArea\":{\"x\":0,\"y\":0,\"width\":1,\"height\":1},\"selectedRatio\":\"NaN\",\"focusArea\":null}}","0"),
("42","3","1688740922","1688730346","0","0","0","0","","{\"hidden\":\"\"}","0","0","0","0","1","33","tt_content","file2","1","","","","","{\"default\":{\"cropArea\":{\"x\":0,\"y\":0,\"width\":1,\"height\":1},\"selectedRatio\":\"NaN\",\"focusArea\":null}}","0"),
("43","3","1688730346","1688730346","0","0","0","0","","a:1:{s:6:\"hidden\";N;}","0","0","0","0","1","63","tt_content","file2","1","","","","","{\"default\":{\"cropArea\":{\"x\":0,\"y\":0,\"width\":1,\"height\":1},\"selectedRatio\":\"NaN\",\"focusArea\":null}}","0"),
("44","3","1688740922","1688730346","0","0","0","0","","{\"hidden\":\"\"}","0","0","0","0","2","33","tt_content","image","1","","","","","{\"specialMobile\":{\"cropArea\":{\"x\":0,\"y\":0,\"width\":1,\"height\":1},\"selectedRatio\":\"NaN\",\"focusArea\":null},\"specialTablet\":{\"cropArea\":{\"x\":0,\"y\":0,\"width\":1,\"height\":1},\"selectedRatio\":\"NaN\",\"focusArea\":null},\"default\":{\"cropArea\":{\"x\":0,\"y\":0,\"width\":1,\"height\":1},\"selectedRatio\":\"NaN\",\"focusArea\":null}}","0"),
("45","3","1688730346","1688730346","0","0","0","0","","a:1:{s:6:\"hidden\";N;}","0","0","0","0","1","65","tt_content","file2","1","","","","","{\"specialMobile\":{\"cropArea\":{\"x\":0,\"y\":0,\"width\":1,\"height\":1},\"selectedRatio\":\"NaN\",\"focusArea\":null},\"specialTablet\":{\"cropArea\":{\"x\":0,\"y\":0,\"width\":1,\"height\":1},\"selectedRatio\":\"NaN\",\"focusArea\":null},\"default\":{\"cropArea\":{\"x\":0,\"y\":0,\"width\":1,\"height\":1},\"selectedRatio\":\"NaN\",\"focusArea\":null}}","0"),
("46","1","1688730346","1688730346","0","0","0","0","","","0","0","0","0","1","34","tt_content","file2","1","","","","","{\"default\":{\"cropArea\":{\"x\":0,\"y\":0,\"width\":1,\"height\":1},\"selectedRatio\":\"NaN\",\"focusArea\":null}}","0"),
("47","1","1688730346","1688730346","0","0","0","0","","","0","0","0","0","1","28","tt_content","file2","1","","","","","{\"specialMobile\":{\"cropArea\":{\"x\":0,\"y\":0,\"width\":1,\"height\":1},\"selectedRatio\":\"NaN\",\"focusArea\":null},\"specialTablet\":{\"cropArea\":{\"x\":0,\"y\":0,\"width\":1,\"height\":1},\"selectedRatio\":\"NaN\",\"focusArea\":null},\"default\":{\"cropArea\":{\"x\":0,\"y\":0,\"width\":1,\"height\":1},\"selectedRatio\":\"NaN\",\"focusArea\":null}}","0"),
("48","1","1688730346","1688730346","0","0","0","0","","a:1:{s:6:\"hidden\";N;}","0","0","0","0","2","34","tt_content","image","1","","","","","{\"specialMobile\":{\"cropArea\":{\"x\":0,\"y\":0,\"width\":1,\"height\":1},\"selectedRatio\":\"NaN\",\"focusArea\":null},\"specialTablet\":{\"cropArea\":{\"x\":0,\"y\":0,\"width\":1,\"height\":1},\"selectedRatio\":\"NaN\",\"focusArea\":null},\"default\":{\"cropArea\":{\"x\":0,\"y\":0,\"width\":1,\"height\":1},\"selectedRatio\":\"NaN\",\"focusArea\":null}}","0"),
("49","1","1688730346","1688730346","0","0","0","0","","","0","0","0","0","1","6","tt_content","file2","1","","","","","{\"specialMobile\":{\"cropArea\":{\"x\":0,\"y\":0,\"width\":1,\"height\":1},\"selectedRatio\":\"NaN\",\"focusArea\":null},\"specialTablet\":{\"cropArea\":{\"x\":0,\"y\":0,\"width\":1,\"height\":1},\"selectedRatio\":\"NaN\",\"focusArea\":null},\"default\":{\"cropArea\":{\"x\":0,\"y\":0,\"width\":1,\"height\":1},\"selectedRatio\":\"NaN\",\"focusArea\":null}}","0"),
("56","13","1688740844","1688740844","0","0","0","0","","","0","0","0","0","10","1","tt_content","file2","1","","","","","{\"default\":{\"cropArea\":{\"x\":0,\"y\":0,\"width\":1,\"height\":1},\"selectedRatio\":\"NaN\",\"focusArea\":null}}","0"),
("57","13","1688740844","1688740844","0","0","0","0","","","0","0","0","0","11","1","tt_content","file2","2","","","","","{\"default\":{\"cropArea\":{\"x\":0,\"y\":0,\"width\":1,\"height\":1},\"selectedRatio\":\"NaN\",\"focusArea\":null}}","0");

--
--
-- Dumping data for table `sys_file_storage`
--

INSERT INTO `sys_file_storage` (`uid`, `pid`, `tstamp`, `crdate`, `deleted`, `description`, `name`, `driver`, `configuration`, `is_default`, `is_browsable`, `is_public`, `is_writable`, `is_online`, `auto_extract_metadata`, `processingfolder`) VALUES 
("1","0","1688730346","1688730346","0","This is the local fileadmin/ directory. This storage mount has been created automatically by TYPO3.","fileadmin","Local","<?xml version=\"1.0\" encoding=\"utf-8\" standalone=\"yes\" ?>\n<T3FlexForms>\n    <data>\n        <sheet index=\"sDEF\">\n            <language index=\"lDEF\">\n                <field index=\"basePath\">\n                    <value index=\"vDEF\">fileadmin/</value>\n                </field>\n                <field index=\"pathType\">\n                    <value index=\"vDEF\">relative</value>\n                </field>\n                <field index=\"caseSensitive\">\n                    <value index=\"vDEF\">1</value>\n                </field>\n            </language>\n        </sheet>\n    </data>\n</T3FlexForms>","1","1","1","1","1","1","");

--
--
-- Dumping data for table `sys_refindex`
--

INSERT INTO `sys_refindex` (`hash`, `tablename`, `recuid`, `field`, `flexpointer`, `softref_key`, `softref_id`, `sorting`, `workspace`, `ref_table`, `ref_uid`, `ref_string`, `hidden`, `starttime`, `endtime`, `t3ver_state`, `ref_field`, `ref_hidden`, `ref_starttime`, `ref_endtime`, `ref_t3ver_state`, `ref_sorting`) VALUES 
("0806d91d4e4e4faa45c533815c5f65f1","tt_content","1","media","","","","0","0","sys_file_reference","7","","0","0","2147483647","0","","0","0","2147483647","0","0"),
("096e366121a738c6ab965851540bc505","tt_content","10","image","","","","0","0","sys_file_reference","29","","0","0","2147483647","0","","0","0","2147483647","0","0"),
("0b1118bcb40a1d7f335cf26d35169989","sys_file_reference","32","uid_local","","","","0","0","sys_file","3","","0","0","2147483647","0","","0","0","2147483647","0","0"),
("0bc75fc48a18f1b7592b49955076fe97","sys_file","6","storage","","","","0","0","sys_file_storage","1","","0","0","2147483647","0","","0","0","2147483647","0","0"),
("11a898a1eb2c826b1052875eace87446","sys_file_reference","14","uid_local","","","","0","0","sys_file","3","","0","0","2147483647","0","","0","0","2147483647","0","0"),
("1435343861399c1e166091b7dc0be755","sys_file","11","metadata","","","","0","0","sys_file_metadata","11","","0","0","2147483647","0","","0","0","2147483647","0","0"),
("15597f65d7df3a40d1e792514c91c69f","sys_file","10","storage","","","","0","0","sys_file_storage","1","","0","0","2147483647","0","","0","0","2147483647","0","0"),
("177d366bc4c83fe3b477ce039bc1fff1","sys_file_reference","16","uid_local","","","","0","0","sys_file","3","","0","0","2147483647","0","","0","0","2147483647","0","0"),
("177f0f2186ef425a5b2de16bd54f0769","pages","14","shortcut","","","","0","0","pages","1","","0","0","2147483647","0","","0","0","2147483647","0","0"),
("180c51a966cdfcbed8dce32d34eb1d3a","sys_file_reference","13","uid_local","","","","0","0","sys_file","3","","0","0","2147483647","0","","0","0","2147483647","0","0"),
("18548bd7d0bc4f66246249fc36f40ec6","tt_content","7","image","","","","0","0","sys_file_reference","36","","0","0","2147483647","0","","0","0","2147483647","0","0"),
("1c9b8784c1518ef7b22704c4fc698ca9","sys_file","2","storage","","","","0","0","sys_file_storage","1","","0","0","2147483647","0","","0","0","2147483647","0","0"),
("1d14a993fe7c44bff1ce5104b8a04776","sys_file_reference","23","uid_local","","","","0","0","sys_file","3","","0","0","2147483647","0","","0","0","2147483647","0","0"),
("1d99461080c478eff91a16c1062da055","sys_file_reference","8","uid_local","","","","0","0","sys_file","2","","0","0","2147483647","0","","0","0","2147483647","0","0"),
("1d9bf3e82f9d8f8460dfb6b7074ccc16","sys_file_reference","5","uid_local","","","","0","0","sys_file","5","","0","0","2147483647","0","","0","0","2147483647","0","0"),
("2284016a515b1738242edf9612b37865","sys_file_reference","47","uid_local","","","","0","0","sys_file","1","","0","0","2147483647","0","","0","0","2147483647","0","0"),
("24d47b29aa969cf4db8635e76dd1c386","sys_file","3","storage","","","","0","0","sys_file_storage","1","","0","0","2147483647","0","","0","0","2147483647","0","0"),
("28ff45567975afc87ebbebf65b638ec1","sys_file_reference","45","uid_local","","","","0","0","sys_file","1","","0","0","2147483647","0","","0","0","2147483647","0","0"),
("29d4c672fa4339675d0341f238a1b12a","sys_file_reference","17","uid_local","","","","0","0","sys_file","3","","0","0","2147483647","0","","0","0","2147483647","0","0"),
("2c1d821452f2abb10b19a02fd2b8ea24","sys_file_reference","22","uid_local","","","","0","0","sys_file","3","","0","0","2147483647","0","","0","0","2147483647","0","0"),
("2d1eabbcb0ac55c0fcab8edde1a4209a","tt_content","16","image","","","","0","0","sys_file_reference","17","","0","0","2147483647","0","","0","0","2147483647","0","0"),
("30567dfa992d44aa7e42a755e042eb6b","tt_content","12","image","","","","0","0","sys_file_reference","25","","0","0","2147483647","0","","0","0","2147483647","0","0"),
("30da979a1d7521d7127b87b5ba84e0bc","tt_content","34","pi_flexform","sDEF/lDEF/file2/vDEF/","","","0","0","sys_file_reference","46","","0","0","2147483647","0","","0","0","2147483647","0","0"),
("37b47c1b1cd71ebb9a38f1b9f19d45e0","sys_file_reference","40","uid_local","","","","0","0","sys_file","3","","0","0","2147483647","0","","0","0","2147483647","0","0"),
("380df29232301c550ffbefbe02dc959b","tt_content","9","image","","","","0","0","sys_file_reference","32","","0","0","2147483647","0","","0","0","2147483647","0","0"),
("39433ea4a82060704109046e4828d3c8","sys_file","1","storage","","","","0","0","sys_file_storage","1","","0","0","2147483647","0","","0","0","2147483647","0","0"),
("39de2d1775280070bbe835e75ecf5556","tt_content","11","image","","","","0","0","sys_file_reference","28","","0","0","2147483647","0","","0","0","2147483647","0","0"),
("3a96f057d66fb95ed5c9bacf4a6ec77f","tt_content","33","pi_flexform","sDEF/lDEF/link/vDEF/","typolink","aafd7e5bef04b5426bec057a9448da5b:0","-1","0","pages","1","","0","0","2147483647","0","","0","0","2147483647","0","0"),
("3adfe441f05179bd73f28c6036060222","tt_content","14","image","","","","0","0","sys_file_reference","21","","0","0","2147483647","0","","0","0","2147483647","0","0"),
("3b2d8d78970930db76e3818edd6deb76","tt_content","14","image","","","","1","0","sys_file_reference","22","","0","0","2147483647","0","","0","0","2147483647","0","0"),
("3b66f768f08a744fade5efd5e1d7aa2a","sys_file_reference","12","uid_local","","","","0","0","sys_file","3","","0","0","2147483647","0","","0","0","2147483647","0","0"),
("3c04889d5e9dff80d8339dfbd508ab13","sys_file","10","metadata","","","","0","0","sys_file_metadata","10","","0","0","2147483647","0","","0","0","2147483647","0","0"),
("44ca13ae46d70af90cb41f44e72c5dd5","tt_content","9","image","","","","1","0","sys_file_reference","33","","0","0","2147483647","0","","0","0","2147483647","0","0"),
("461bc98761204dbacb014fc7740fddc2","sys_file_reference","43","uid_local","","","","0","0","sys_file","1","","0","0","2147483647","0","","0","0","2147483647","0","0"),
("475e42dd7fb3a7cb36c3700cef456298","sys_file_reference","37","uid_local","","","","0","0","sys_file","3","","0","0","2147483647","0","","0","0","2147483647","0","0"),
("485828d7294cbca04e2bfac7f145b690","sys_file_reference","48","uid_local","","","","0","0","sys_file","2","","0","0","2147483647","0","","0","0","2147483647","0","0"),
("4ca72467b5c4872c2c4e9cb2a96fcb7d","sys_file_reference","18","uid_local","","","","0","0","sys_file","3","","0","0","2147483647","0","","0","0","2147483647","0","0"),
("5056d6471e210157cbb2c0f169188b74","tt_content","2","image","","","","0","0","sys_file_reference","8","","0","0","2147483647","0","","0","0","2147483647","0","0"),
("532eb9e41099c233dd387feb3bb238be","sys_file_reference","56","uid_local","","","","0","0","sys_file","10","","0","0","2147483647","0","","0","0","2147483647","0","0"),
("5e2600d332808b3183b1c539b90682da","sys_file_reference","36","uid_local","","","","0","0","sys_file","3","","0","0","2147483647","0","","0","0","2147483647","0","0"),
("61705f1b2997c68b141771e3834f8a51","sys_file_reference","20","uid_local","","","","0","0","sys_file","3","","0","0","2147483647","0","","0","0","2147483647","0","0"),
("6332b4bf24ee3ec6af297d68ca6dca59","tt_content","8","image","","","","0","0","sys_file_reference","35","","0","0","2147483647","0","","0","0","2147483647","0","0"),
("636839f766109197f752d8b1fb13533c","sys_file_reference","25","uid_local","","","","0","0","sys_file","3","","0","0","2147483647","0","","0","0","2147483647","0","0"),
("64e1ff9fcdb61a6bbd32d1e2d330b4ee","sys_file_reference","3","uid_local","","","","0","0","sys_file","5","","0","0","2147483647","0","","0","0","2147483647","0","0"),
("67b90e6dccc1d6b9f30da2d36966db9b","sys_file_reference","11","uid_local","","","","0","0","sys_file","3","","0","0","2147483647","0","","0","0","2147483647","0","0"),
("692e129d0a6ae1105f43e3627f14e64d","sys_file","8","storage","","","","0","0","sys_file_storage","1","","0","0","2147483647","0","","0","0","2147483647","0","0"),
("6e473cdde6c01939a2238c485091b8f7","tt_content","34","pi_flexform","sDEF/lDEF/image/vDEF/","","","0","0","sys_file_reference","48","","0","0","2147483647","0","","0","0","2147483647","0","0"),
("71885f231631e39b155d14fac1b50305","sys_file","11","storage","","","","0","0","sys_file_storage","1","","0","0","2147483647","0","","0","0","2147483647","0","0"),
("73d8ac0833bda1b0178881f733b78d9f","tt_content","13","image","","","","0","0","sys_file_reference","24","","0","0","2147483647","0","","0","0","2147483647","0","0"),
("75ceb26b22844646b1215ca24396b463","sys_file_reference","27","uid_local","","","","0","0","sys_file","3","","0","0","2147483647","0","","0","0","2147483647","0","0"),
("75ef1d69c71284dfd9c68255d179e822","tt_content","21","image","","","","0","0","sys_file_reference","11","","0","0","2147483647","0","","0","0","2147483647","0","0"),
("777ff0dd31b1293f0716575883b21f36","sys_file_reference","10","uid_local","","","","0","0","sys_file","4","","0","0","2147483647","0","","0","0","2147483647","0","0"),
("791d3f9d43dcbfa78cd49dd8258caa09","sys_file","5","storage","","","","0","0","sys_file_storage","1","","0","0","2147483647","0","","0","0","2147483647","0","0"),
("7c8025eb5f16252505187a0c199f25cc","tt_content","18","image","","","","1","0","sys_file_reference","14","","0","0","2147483647","0","","0","0","2147483647","0","0"),
("7eca909ca0cc71e37cd0b5effa8d36a1","sys_file_reference","30","uid_local","","","","0","0","sys_file","3","","0","0","2147483647","0","","0","0","2147483647","0","0"),
("81feb8dab00ea395df3c69c217b8b308","tt_content","10","image","","","","2","0","sys_file_reference","31","","0","0","2147483647","0","","0","0","2147483647","0","0"),
("822a65ada40d3629e80870d060f528c3","tt_content","33","image","","","","0","0","sys_file_reference","44","","0","0","2147483647","0","","0","0","2147483647","0","0"),
("83e547bebf151c6d932f7bdc5487ef64","sys_file","9","storage","","","","0","0","sys_file_storage","1","","0","0","2147483647","0","","0","0","2147483647","0","0"),
("841c1e31c72d607e212ea6d55909a21b","sys_file_reference","38","uid_local","","","","0","0","sys_file","3","","0","0","2147483647","0","","0","0","2147483647","0","0"),
("8729f32420172d7eb9fe7acdbc06f295","sys_file_reference","2","uid_local","","","","0","0","sys_file","5","","0","0","2147483647","0","","0","0","2147483647","0","0"),
("8987893411baca05f986dca0a4c38bd8","sys_file","5","metadata","","","","0","0","sys_file_metadata","5","","0","0","2147483647","0","","0","0","2147483647","0","0"),
("8d35605b842f15991f81a1e2791f4335","tt_content","18","image","","","","0","0","sys_file_reference","13","","0","0","2147483647","0","","0","0","2147483647","0","0"),
("8f528dea9bbd52b347c19a423f69d1e2","tt_content","7","image","","","","1","0","sys_file_reference","37","","0","0","2147483647","0","","0","0","2147483647","0","0"),
("93004573d1d006a130ef069b9f27b1f9","sys_file","7","storage","","","","0","0","sys_file_storage","1","","0","0","2147483647","0","","0","0","2147483647","0","0"),
("936e4121a29485786f2b2d10c672d2c0","sys_file_reference","19","uid_local","","","","0","0","sys_file","3","","0","0","2147483647","0","","0","0","2147483647","0","0"),
("957091e4d4d490a1a19a3e96af9e1f76","tt_content","1","image","","","","0","0","sys_file_reference","2","","0","0","2147483647","0","","0","0","2147483647","0","0"),
("974b4eeb2636063fad433568bc1c34e7","tt_content","34","image","","","","0","0","sys_file_reference","48","","0","0","2147483647","0","","0","0","2147483647","0","0"),
("97afc410677150e4c0ec352ee60ccec3","tt_content","14","image","","","","2","0","sys_file_reference","23","","0","0","2147483647","0","","0","0","2147483647","0","0"),
("9a0642a5af7d39190cc02110ad51d717","sys_file_reference","42","uid_local","","","","0","0","sys_file","1","","0","0","2147483647","0","","0","0","2147483647","0","0"),
("9c04f2df6e2fb638de41b9ae605b8b9d","tt_content","2","pi_flexform","sDEF/lDEF/image/vDEF/","","","0","0","sys_file_reference","8","","0","0","2147483647","0","","0","0","2147483647","0","0"),
("a2259e8f8676d990d03b620a365e2b6f","sys_file_reference","6","uid_local","","","","0","0","sys_file","4","","0","0","2147483647","0","","0","0","2147483647","0","0"),
("a2d62edc2c13207024dab309894d2200","sys_file_reference","26","uid_local","","","","0","0","sys_file","3","","0","0","2147483647","0","","0","0","2147483647","0","0"),
("a2fab7a48522624abb58df05c4de391f","sys_file_reference","9","uid_local","","","","0","0","sys_file","4","","0","0","2147483647","0","","0","0","2147483647","0","0"),
("a337cd3ec6462d448c9089e04929653d","sys_file_reference","46","uid_local","","","","0","0","sys_file","1","","0","0","2147483647","0","","0","0","2147483647","0","0"),
("a5261590344393cc82d93f38a9aa8af4","sys_file_reference","28","uid_local","","","","0","0","sys_file","3","","0","0","2147483647","0","","0","0","2147483647","0","0"),
("a686c48eb52ce154a2f25c1eeedcb171","tt_content","9","image","","","","2","0","sys_file_reference","34","","0","0","2147483647","0","","0","0","2147483647","0","0"),
("a71a42634a2183cffd95521c0027cf8f","sys_file_reference","31","uid_local","","","","0","0","sys_file","3","","0","0","2147483647","0","","0","0","2147483647","0","0"),
("a87fb5bdca00693f5c7da29ddc912065","sys_file_reference","21","uid_local","","","","0","0","sys_file","3","","0","0","2147483647","0","","0","0","2147483647","0","0"),
("aa69566e83a1ab873fe38082571f5af2","tt_content","3","image","","","","0","0","sys_file_reference","9","","0","0","2147483647","0","","0","0","2147483647","0","0"),
("aee74ce60f46b931f730ec3b1055d2e6","sys_file_reference","35","uid_local","","","","0","0","sys_file","3","","0","0","2147483647","0","","0","0","2147483647","0","0"),
("b21b7ec8d16d281cf6d4a3ac4e6fbc9f","tt_content","1","pi_flexform","sDEF/lDEF/file2/vDEF/","","","0","0","sys_file_reference","56","","0","0","2147483647","0","","0","0","2147483647","0","0"),
("b30bdd2ff5e39de7502ed2028a010399","tt_content","33","pi_flexform","sDEF/lDEF/image/vDEF/","","","0","0","sys_file_reference","44","","0","0","2147483647","0","","0","0","2147483647","0","0"),
("b5d124ddf46cf7fa2194bf8e76b47104","pages","11","media","","","","0","0","sys_file_reference","10","","0","0","2147483647","0","","0","0","2147483647","0","0"),
("b6b397b236c182988ac8e9093402ae88","sys_file_reference","33","uid_local","","","","0","0","sys_file","3","","0","0","2147483647","0","","0","0","2147483647","0","0"),
("b73b26a91a9ac5544b2baf223b0cc53f","tt_content","7","image","","","","2","0","sys_file_reference","38","","0","0","2147483647","0","","0","0","2147483647","0","0"),
("bab37143de5339e474516691bf0c5857","sys_file","4","storage","","","","0","0","sys_file_storage","1","","0","0","2147483647","0","","0","0","2147483647","0","0"),
("c0a25b411c2b66ca52c0e8b85803a911","tt_content","16","image","","","","1","0","sys_file_reference","18","","0","0","2147483647","0","","0","0","2147483647","0","0"),
("c48ec44ca06b09453c165ac58a231f26","tt_content","12","image","","","","1","0","sys_file_reference","26","","0","0","2147483647","0","","0","0","2147483647","0","0"),
("c7cbcd6d7a78bf4a0053b031ab35a4a1","tt_content","6","image","","","","1","0","sys_file_reference","40","","0","0","2147483647","0","","0","0","2147483647","0","0"),
("c86acb51f068e065c951683ab4841e5b","tt_content","16","image","","","","2","0","sys_file_reference","19","","0","0","2147483647","0","","0","0","2147483647","0","0"),
("c89411f5495ec91bc6e1aacfb85ccd4f","sys_file_reference","44","uid_local","","","","0","0","sys_file","2","","0","0","2147483647","0","","0","0","2147483647","0","0"),
("cebb15621be6bd795d37dd90dc331a7e","sys_file_reference","34","uid_local","","","","0","0","sys_file","3","","0","0","2147483647","0","","0","0","2147483647","0","0"),
("d59df4206d2f217556ba540d3f0b3d13","tt_content","6","image","","","","0","0","sys_file_reference","39","","0","0","2147483647","0","","0","0","2147483647","0","0"),
("d8bc20c565173ea286f323a813790e13","tt_content","5","pi_flexform","sDEF/lDEF/settings.persistenceIdentifier/vDEF/","formPersistenceIdentifier","d2e8df78b8697057c60ed3fa339d4569","-1","0","sys_file","6","","0","0","2147483647","0","","0","0","2147483647","0","0"),
("d8e31419db1db683cb99eaceac7c2319","tt_content","17","image","","","","0","0","sys_file_reference","16","","0","0","2147483647","0","","0","0","2147483647","0","0"),
("da351e2a81ec239dd3c27530402bf9ea","tt_content","19","image","","","","0","0","sys_file_reference","12","","0","0","2147483647","0","","0","0","2147483647","0","0"),
("da9abf2ff4622eb22cccefe5cda5e05d","sys_file_reference","29","uid_local","","","","0","0","sys_file","3","","0","0","2147483647","0","","0","0","2147483647","0","0"),
("e2df80fe0421d1f35caed333481edce7","sys_file_reference","41","uid_local","","","","0","0","sys_file","3","","0","0","2147483647","0","","0","0","2147483647","0","0"),
("e33cdce77ff56ae39ce9f7bcaa80fddb","tt_content","18","image","","","","2","0","sys_file_reference","15","","0","0","2147483647","0","","0","0","2147483647","0","0"),
("e389b9bb3a91df77748f9556afa5df57","sys_file_reference","57","uid_local","","","","0","0","sys_file","11","","0","0","2147483647","0","","0","0","2147483647","0","0");
INSERT INTO `sys_refindex` (`hash`, `tablename`, `recuid`, `field`, `flexpointer`, `softref_key`, `softref_id`, `sorting`, `workspace`, `ref_table`, `ref_uid`, `ref_string`, `hidden`, `starttime`, `endtime`, `t3ver_state`, `ref_field`, `ref_hidden`, `ref_starttime`, `ref_endtime`, `ref_t3ver_state`, `ref_sorting`) VALUES 
("e64b4a86335991f0b85099cd58819ff1","tt_content","6","image","","","","2","0","sys_file_reference","41","","0","0","2147483647","0","","0","0","2147483647","0","0"),
("e64ece0a9e495cb65f38d0508b671900","sys_file_reference","24","uid_local","","","","0","0","sys_file","3","","0","0","2147483647","0","","0","0","2147483647","0","0"),
("e6d9d105ac6b4275bce3299ffe1089cb","tt_content","1","pi_flexform","sDEF/lDEF/file2/vDEF/","","","1","0","sys_file_reference","57","","0","0","2147483647","0","","0","0","2147483647","0","0"),
("e773fbd8395f8d6d6e52c99238a97f9b","tt_content","3","pi_flexform","sDEF/lDEF/btnlink/vDEF/","typolink","21bacfa2da044192d456f0f1069b0e93:0","-1","0","pages","1","","0","0","2147483647","0","","0","0","2147483647","0","0"),
("eb29ea531cd1f88bcb43d20e88b26796","tt_content","33","pi_flexform","sDEF/lDEF/file2/vDEF/","","","0","0","sys_file_reference","42","","0","0","2147483647","0","","0","0","2147483647","0","0"),
("ec01e9666331703a2215b40555f23bf6","sys_file","4","metadata","","","","0","0","sys_file_metadata","4","","0","0","2147483647","0","","0","0","2147483647","0","0"),
("ecd124d38ff7b8be6d876d95cb50331f","sys_file_reference","7","uid_local","","","","0","0","sys_file","2","","0","0","2147483647","0","","0","0","2147483647","0","0"),
("edd949fcee44c58971f1fa746ce25cc7","sys_file_reference","15","uid_local","","","","0","0","sys_file","3","","0","0","2147483647","0","","0","0","2147483647","0","0"),
("efe8a8cac0dbddfcf6431ad8cf0566ad","tt_content","15","image","","","","0","0","sys_file_reference","20","","0","0","2147483647","0","","0","0","2147483647","0","0"),
("f2e1aac0c30597d24f51a7256226107f","sys_file_reference","39","uid_local","","","","0","0","sys_file","3","","0","0","2147483647","0","","0","0","2147483647","0","0"),
("f3059ab81183d058f22c3a726b0fb64c","sys_file_reference","49","uid_local","","","","0","0","sys_file","1","","0","0","2147483647","0","","0","0","2147483647","0","0"),
("f7b972b0d02dd4426e55ab1c5bedcf85","tt_content","10","image","","","","1","0","sys_file_reference","30","","0","0","2147483647","0","","0","0","2147483647","0","0"),
("f8b59591c9f0c90f80045c88a7938159","sys_file_reference","4","uid_local","","","","0","0","sys_file","5","","0","0","2147483647","0","","0","0","2147483647","0","0"),
("f9bf95611ec317d707069fcc135fb829","tt_content","12","image","","","","2","0","sys_file_reference","27","","0","0","2147483647","0","","0","0","2147483647","0","0");

--
--
-- Dumping data for table `sys_registry`
--

INSERT INTO `sys_registry` (`uid`, `entry_namespace`, `entry_key`, `entry_value`) VALUES 
("1","installUpdate","TYPO3\\CMS\\Install\\Updates\\FeeditExtractionUpdate","i:1;"),
("2","installUpdate","TYPO3\\CMS\\Install\\Updates\\TaskcenterExtractionUpdate","i:1;"),
("3","installUpdate","TYPO3\\CMS\\Install\\Updates\\SysActionExtractionUpdate","i:1;"),
("4","installUpdate","TYPO3\\CMS\\Install\\Updates\\SvgFilesSanitization","i:1;"),
("5","installUpdate","TYPO3\\CMS\\Install\\Updates\\ShortcutRecordsMigration","i:1;"),
("6","installUpdate","TYPO3\\CMS\\Install\\Updates\\CollectionsExtractionUpdate","i:1;"),
("7","installUpdate","TYPO3\\CMS\\Install\\Updates\\BackendUserLanguageMigration","i:1;"),
("8","installUpdate","TYPO3\\CMS\\Install\\Updates\\SysLogChannel","i:1;"),
("9","installUpdate","TYPO3\\CMS\\FrontendLogin\\Updates\\MigrateFeloginPlugins","i:1;"),
("10","installUpdateRows","rowUpdatersDone","a:4:{i:0;s:69:\"TYPO3\\CMS\\Install\\Updates\\RowUpdater\\WorkspaceVersionRecordsMigration\";i:1;s:66:\"TYPO3\\CMS\\Install\\Updates\\RowUpdater\\L18nDiffsourceToJsonMigration\";i:2;s:77:\"TYPO3\\CMS\\Install\\Updates\\RowUpdater\\WorkspaceMovePlaceholderRemovalMigration\";i:3;s:76:\"TYPO3\\CMS\\Install\\Updates\\RowUpdater\\WorkspaceNewPlaceholderRemovalMigration\";}"),
("11","core","formProtectionSessionToken:1","s:64:\"a64b72ccb9ff5c15cfc9a3666c23750c9f27631196c1500ec9a7eea377c2b6ce\";"),
("12","extensionDataImport","typo3conf/ext/ns_basetheme/ext_tables_static+adt.sql","s:0:\"\";"),
("13","extensionDataImport","typo3conf/ext/ns_theme_newage/Initialisation/Files","i:1;"),
("14","extensionDataImport","typo3conf/ext/ns_theme_newage/ext_tables_static+adt.sql","s:32:\"c8de86d84711e47851df4345b38d2e58\";"),
("15","extensionDataImport","typo3conf/ext/ns_theme_newage/Initialisation/dataImported","i:1;"),
("16","siteConfigImport","ns_theme_newage","i:1;");

--
--
-- Dumping data for table `sys_template`
--

INSERT INTO `sys_template` (`uid`, `pid`, `tstamp`, `crdate`, `deleted`, `hidden`, `starttime`, `endtime`, `sorting`, `description`, `title`, `root`, `clear`, `include_static_file`, `constants`, `config`, `basedOn`, `includeStaticAfterBasedOn`, `static_file_mode`, `tx_impexp_origuid`) VALUES
(1, 1, 1688730346, 1688730346, 0, 0, 0, 0, 256, '', 'T3 New Age', 1, 3, 'EXT:fluid_styled_content/Configuration/TypoScript/,EXT:form/Configuration/TypoScript/,EXT:ns_basetheme/Configuration/TypoScript,EXT:ns_theme_newage/Configuration/TypoScript,EXT:seo/Configuration/TypoScript/XmlSitemap', 'ns_basetheme.website.settings.main_menu = 9\r\nns_basetheme.website.settings.cookie.settings.url = 0\r\nns_basetheme.website.settings.cookie.settings.dismissOnScroll = 0\r\nns_basetheme.website.settings.cookie.settings.palette.button.background = #B81839\r\nns_basetheme.website.settings.cookie.settings.palette.button.text = #FFFFFF\r\nns_basetheme.website.settings.cookie.settings.palette.popup.background = #BA0000\r\nns_basetheme.website.settings.cookie.settings.palette.popup.text = #FFFFFF\r\nns_basetheme.website.settings.logo = fileadmin/ns_theme_newage/T3-new-age-logo.svg\r\nns_basetheme.website.settings.copyright = T3Terminal | NITSAN Technologies Pvt Ltd\r\nns_basetheme.website.settings.googleanalytics = UA-149033211-2\r\nns_basetheme.website.settings.no_cache = 0\r\nns_basetheme.website.settings.compress_cssjs = 1\nns_basetheme.website.settings.footer_menu = 4\r\nns_basetheme.website.settings.favicon = fileadmin/ns_theme_newage/favicon.ico\r\nns_basetheme.website.settings.logo_width = 120px\r\nns_basetheme.website.settings.logo_height = 50px\r\nns_basetheme.website.settings.logo_text = \r\nns_basetheme.website.settings.back_to_top = 0\r\nns_basetheme.website.settings.cookie.settings.type = opt-out', '', '', 0, 0, 1);


--
--
-- Dumping data for table `tt_content`
--
INSERT INTO `tt_content` (`uid`, `rowDescription`, `pid`, `tstamp`, `crdate`, `deleted`, `hidden`, `starttime`, `endtime`, `fe_group`, `sorting`, `editlock`, `sys_language_uid`, `l18n_parent`, `l10n_source`, `l10n_state`, `l18n_diffsource`, `t3ver_oid`, `t3ver_wsid`, `t3ver_state`, `t3ver_stage`, `CType`, `header`, `header_position`, `bodytext`, `bullets_type`, `uploads_description`, `uploads_type`, `assets`, `image`, `imagewidth`, `imageorient`, `imagecols`, `imageborder`, `media`, `layout`, `frame_class`, `cols`, `space_before_class`, `space_after_class`, `records`, `pages`, `colPos`, `subheader`, `header_link`, `image_zoom`, `header_layout`, `list_type`, `sectionIndex`, `linkToTop`, `file_collections`, `filelink_size`, `filelink_sorting`, `filelink_sorting_direction`, `target`, `recursive`, `imageheight`, `pi_flexform`, `category_field`, `table_class`, `table_caption`, `table_delimiter`, `table_enclosure`, `table_header_position`, `table_tfoot`, `categories`, `selected_categories`, `date`, `tx_impexp_origuid`) VALUES
(1, '', 13, 1688740844, 1688730346, 0, 0, 0, 0, '', 256, 0, 0, 0, 0, '', 0x7b224354797065223a22222c22636f6c506f73223a22222c2270695f666c6578666f726d223a22222c2273706163655f6265666f72655f636c617373223a22222c2273706163655f61667465725f636c617373223a22222c227379735f6c616e67756167655f756964223a22222c22737461727474696d65223a22222c22656e6474696d65223a22222c2266655f67726f7570223a22222c22656469746c6f636b223a22227d, 0, 0, 0, 0, 'ns_ourapp', '', '', '', 0, 0, 0, 0, 2, 0, 0, 2, 0, 1, 0, 'default', 0, '', '', '', '', 0, '', '', 0, '0', '', 1, 0, '', 0, '', '', '', 0, 0, '<?xml version=\"1.0\" encoding=\"utf-8\" standalone=\"yes\" ?>\n<T3FlexForms>\n    <data>\n        <sheet index=\"sDEF\">\n            <language index=\"lDEF\">\n                <field index=\"text\">\n                    <value index=\"vDEF\">&lt;h2 class=&quot;section-heading&quot;&gt;Discover what all the buzz is about!&lt;/h2&gt;\n&lt;p&gt;Our app is available on any mobile device! Download now to get started!&lt;/p&gt;</value>\n                </field>\n                <field index=\"image1\">\n                    <value index=\"vDEF\">1</value>\n                </field>\n                <field index=\"link1\">\n                    <value index=\"vDEF\">#download</value>\n                </field>\n                <field index=\"image2\">\n                    <value index=\"vDEF\">1</value>\n                </field>\n                <field index=\"link2\">\n                    <value index=\"vDEF\">#download</value>\n                </field>\n                <field index=\"file2\">\n                    <value index=\"vDEF\">2</value>\n                </field>\n                <field index=\"file3\">\n                    <value index=\"vDEF\">1</value>\n                </field>\n            </language>\n        </sheet>\n    </data>\n</T3FlexForms>', '', '', '', 124, 0, 0, 0, 0, '0', 0, 1),
(2, '', 12, 1688730346, 1688730346, 0, 0, 0, 0, '', 256, 0, 0, 0, 0, '', 0x7b2270695f666c6578666f726d223a22227d, 0, 0, 0, 0, 'ns_feature', '', '', '', 0, 0, 0, 0, 1, 0, 0, 2, 0, 0, 0, 'default', 0, 'medium', 'medium', '', '', 0, '', '', 0, '0', '', 1, 0, '', 0, '', '', '', 0, 0, '<?xml version=\"1.0\" encoding=\"utf-8\" standalone=\"yes\" ?>\n<T3FlexForms>\n    <data>\n        <sheet index=\"sDEF\">\n            <language index=\"lDEF\">\n                <field index=\"headline\">\n                    <value index=\"vDEF\">Unlimited Features, Unlimited Fun</value>\n                </field>\n                <field index=\"subheadline\">\n                    <value index=\"vDEF\">Check out what you can do with this app template!</value>\n                </field>\n                <field index=\"image\">\n                    <value index=\"vDEF\">1</value>\n                </field>\n                <field index=\"iconInText\">\n                    <value index=\"vDEF\"></value>\n                </field>\n                <field index=\"contact\">\n                    <el index=\"el\">\n                        <field index=\"61b9bf5393756279278005\">\n                            <value index=\"container\">\n                                <el>\n                                    <field index=\"title\">\n                                        <value index=\"vDEF\">Device Mockups</value>\n                                    </field>\n                                    <field index=\"text\">\n                                        <value index=\"vDEF\">Put an image, video, animation, or anything else in the screen!</value>\n                                    </field>\n                                    <field index=\"socialIcon\">\n                                        <value index=\"vDEF\">icon-screen-smartphone</value>\n                                    </field>\n                                </el>\n                            </value>\n                            <value index=\"_TOGGLE\">1</value>\n                        </field>\n                        <field index=\"61b9bf69e1066937372969\">\n                            <value index=\"container\">\n                                <el>\n                                    <field index=\"title\">\n                                        <value index=\"vDEF\">Flexible Use</value>\n                                    </field>\n                                    <field index=\"text\">\n                                        <value index=\"vDEF\">This template is built with latest standards &amp; is compatible with TYPO3 v10!</value>\n                                    </field>\n                                    <field index=\"socialIcon\">\n                                        <value index=\"vDEF\">icon-camera</value>\n                                    </field>\n                                </el>\n                            </value>\n                            <value index=\"_TOGGLE\">1</value>\n                        </field>\n                        <field index=\"61b9bf711d427360543976\">\n                            <value index=\"container\">\n                                <el>\n                                    <field index=\"title\">\n                                        <value index=\"vDEF\">Compatible</value>\n                                    </field>\n                                    <field index=\"text\">\n                                        <value index=\"vDEF\">Ready to use device mockups, no more Photoshop is required!</value>\n                                    </field>\n                                    <field index=\"socialIcon\">\n                                        <value index=\"vDEF\">icon-present</value>\n                                    </field>\n                                </el>\n                            </value>\n                            <value index=\"_TOGGLE\">1</value>\n                        </field>\n                        <field index=\"61b9bf77979c4791159326\">\n                            <value index=\"container\">\n                                <el>\n                                    <field index=\"title\">\n                                        <value index=\"vDEF\">Open Source</value>\n                                    </field>\n                                    <field index=\"text\">\n                                        <value index=\"vDEF\">Since this theme is Free Community licensed, you can use it commercially!</value>\n                                    </field>\n                                    <field index=\"socialIcon\">\n                                        <value index=\"vDEF\">icon-lock-open</value>\n                                    </field>\n                                </el>\n                            </value>\n                            <value index=\"_TOGGLE\">1</value>\n                        </field>\n                    </el>\n                </field>\n            </language>\n        </sheet>\n    </data>\n</T3FlexForms>', '', '', '', 124, 0, 0, 0, 0, '0', 0, 2),
(3, '', 11, 1688730346, 1688730346, 0, 0, 0, 0, '', 256, 0, 0, 0, 0, '', 0x7b2270695f666c6578666f726d223a22227d, 0, 0, 0, 0, 'ns_cta', '', '', '', 0, 0, 0, 0, 1, 0, 0, 2, 0, 0, 0, 'default', 0, '', '', '', '', 0, '', '', 0, '0', '', 1, 0, '', 0, '', '', '', 0, 0, '<?xml version=\"1.0\" encoding=\"utf-8\" standalone=\"yes\" ?>\n<T3FlexForms>\n    <data>\n        <sheet index=\"sDEF\">\n            <language index=\"lDEF\">\n                <field index=\"headline\">\n                    <value index=\"vDEF\">Stop waiting.</value>\n                </field>\n                <field index=\"image\">\n                    <value index=\"vDEF\">1</value>\n                </field>\n                <field index=\"btntxt\">\n                    <value index=\"vDEF\">Let\'s Get Started!</value>\n                </field>\n                <field index=\"btnlink\">\n                    <value index=\"vDEF\">1</value>\n                </field>\n                <field index=\"subHeadline\">\n                    <value index=\"vDEF\">Start building.</value>\n                </field>\n            </language>\n        </sheet>\n    </data>\n</T3FlexForms>', '', '', '', 124, 0, 0, 0, 0, '0', 0, 3),
(4, '', 10, 1688730346, 1688730346, 0, 0, 0, 0, '', 256, 0, 0, 0, 0, '', 0x7b2270695f666c6578666f726d223a22227d, 0, 0, 0, 0, 'ns_contact', '', '', '', 0, 0, 0, 0, 0, 0, 0, 2, 0, 0, 0, 'default', 0, '', '', '', '', 0, '', '', 0, '0', '', 1, 0, '', 0, '', '', '', 0, 0, '<?xml version=\"1.0\" encoding=\"utf-8\" standalone=\"yes\" ?>\n<T3FlexForms>\n    <data>\n        <sheet index=\"sDEF\">\n            <language index=\"lDEF\">\n                <field index=\"beforeText\">\n                    <value index=\"vDEF\">We</value>\n                </field>\n                <field index=\"iconInText\">\n                    <value index=\"vDEF\">fa-heart</value>\n                </field>\n                <field index=\"afterText\">\n                    <value index=\"vDEF\">new friends!</value>\n                </field>\n                <field index=\"contact\">\n                    <el index=\"el\">\n                        <field index=\"5e0c7af52ef41090716468\">\n                            <value index=\"container\">\n                                <el>\n                                    <field index=\"socialIcon\">\n                                        <value index=\"vDEF\">fab fa-twitter</value>\n                                    </field>\n                                    <field index=\"socialLink\">\n                                        <value index=\"vDEF\">http://twitter.com</value>\n                                    </field>\n                                    <field index=\"SocialBgColor\">\n                                        <value index=\"vDEF\">#2293d4</value>\n                                    </field>\n                                </el>\n                            </value>\n                            <value index=\"_TOGGLE\">1</value>\n                        </field>\n                        <field index=\"5e0c7b0a1245c610019112\">\n                            <value index=\"container\">\n                                <el>\n                                    <field index=\"socialIcon\">\n                                        <value index=\"vDEF\">fab fa-facebook-f</value>\n                                    </field>\n                                    <field index=\"socialLink\">\n                                        <value index=\"vDEF\">http://facebooc.com</value>\n                                    </field>\n                                    <field index=\"SocialBgColor\">\n                                        <value index=\"vDEF\">#0d69e0</value>\n                                    </field>\n                                </el>\n                            </value>\n                            <value index=\"_TOGGLE\">1</value>\n                        </field>\n                        <field index=\"5e0c7b1355e2b263233159\">\n                            <value index=\"container\">\n                                <el>\n                                    <field index=\"socialIcon\">\n                                        <value index=\"vDEF\">fab fa-instagram</value>\n                                    </field>\n                                    <field index=\"socialLink\">\n                                        <value index=\"vDEF\">http://instagram.com</value>\n                                    </field>\n                                    <field index=\"SocialBgColor\">\n                                        <value index=\"vDEF\">#ad1313</value>\n                                    </field>\n                                </el>\n                            </value>\n                            <value index=\"_TOGGLE\">1</value>\n                        </field>\n                    </el>\n                </field>\n            </language>\n        </sheet>\n    </data>\n</T3FlexForms>', '', '', '', 124, 0, 0, 0, 0, '0', 0, 4),
(5, '', 8, 1688730346, 1688730346, 0, 0, 0, 0, '', 1280, 0, 0, 0, 0, '', 0x7b2270695f666c6578666f726d223a22227d, 0, 0, 0, 0, 'form_formframework', '', '', '', 0, 0, 0, 0, 0, 0, 0, 2, 0, 0, 0, 'default', 0, 'medium', 'large', '', '', 0, '', '', 0, '0', '', 1, 0, '', 0, '', '', '', 0, 0, '<?xml version=\"1.0\" encoding=\"utf-8\" standalone=\"yes\" ?>\n<T3FlexForms>\n    <data>\n        <sheet index=\"sDEF\">\n            <language index=\"lDEF\">\n                <field index=\"settings.persistenceIdentifier\">\n                    <value index=\"vDEF\">1:/ns_theme_newage/Form/contact.form.yaml</value>\n                </field>\n                <field index=\"settings.overrideFinishers\">\n                    <value index=\"vDEF\">0</value>\n                </field>\n            </language>\n        </sheet>\n        <sheet index=\"f6510bec86d8e05deeb6d6b75737048f\">\n            <language index=\"lDEF\">\n                <field index=\"settings.finishers.Confirmation.contentElementUid\">\n                    <value index=\"vDEF\"></value>\n                </field>\n                <field index=\"settings.finishers.Confirmation.message\">\n                    <value index=\"vDEF\">Thanks for your message. Our team will contact you in 1 business day!</value>\n                </field>\n            </language>\n        </sheet>\n        <sheet index=\"f8a9c9390d528fa6bf4f8f065f7c5eb7\">\n            <language index=\"lDEF\">\n                <field index=\"settings.finishers.EmailToSender.subject\">\n                    <value index=\"vDEF\">Thank you For Contact Us</value>\n                </field>\n                <field index=\"settings.finishers.EmailToSender.senderAddress\">\n                    <value index=\"vDEF\">pradeep.nitsan@gmail.com</value>\n                </field>\n                <field index=\"settings.finishers.EmailToSender.senderName\">\n                    <value index=\"vDEF\">T3 New Age</value>\n                </field>\n                <field index=\"settings.finishers.EmailToSender.addHtmlPart\">\n                    <value index=\"vDEF\">1</value>\n                </field>\n                <field index=\"settings.finishers.EmailToSender.translation.language\">\n                    <value index=\"vDEF\">Default</value>\n                </field>\n                <field index=\"settings.finishers.EmailToSender.title\">\n                    <value index=\"vDEF\"></value>\n                </field>\n            </language>\n        </sheet>\n        <sheet index=\"b5edb22db894541cc2956d4b6673ae4c\">\n            <language index=\"lDEF\">\n                <field index=\"settings.finishers.EmailToReceiver.subject\">\n                    <value index=\"vDEF\">{message}</value>\n                </field>\n                <field index=\"settings.finishers.EmailToReceiver.senderAddress\">\n                    <value index=\"vDEF\">{email}</value>\n                </field>\n                <field index=\"settings.finishers.EmailToReceiver.senderName\">\n                    <value index=\"vDEF\">{fullname}</value>\n                </field>\n                <field index=\"settings.finishers.EmailToReceiver.addHtmlPart\">\n                    <value index=\"vDEF\">1</value>\n                </field>\n                <field index=\"settings.finishers.EmailToReceiver.translation.language\">\n                    <value index=\"vDEF\">Default</value>\n                </field>\n                <field index=\"settings.finishers.EmailToReceiver.title\">\n                    <value index=\"vDEF\"></value>\n                </field>\n            </language>\n        </sheet>\n    </data>\n</T3FlexForms>', '', '', '', 124, 0, 0, 0, 0, '0', 0, 35),
(6, '', 8, 1688730346, 1688730346, 0, 0, 0, 0, '', 1152, 0, 0, 0, 0, '', 0x7b22696d616765223a22227d, 0, 0, 0, 0, 'textpic', '', '', '<h2>Headline 2 4x3</h2>\r\n<p>Lorem ipsum dolor sit amet, consetetur sadipscing elitr, sed diam nonumy eirmod tempor invidunt ut labore et dolore magna aliquyam erat, sed diam voluptua. At vero eos et accusam et justo duo dolores et ea rebum. Stet clita kasd gubergren, no sea takimata sanctus est Lorem ipsum dolor sit amet. Lorem ipsum dolor sit amet, consetetur sadipscing elitr, sed diam nonumy eirmod tempor invidunt ut labore et dolore magna aliquyam erat, sed diam voluptua. At vero eos et accusam et justo duo dolores et ea rebum. Stet clita kasd gubergren, no sea takimata sanctus est Lorem ipsum dolor sit amet. Lorem ipsum dolor sit amet, consetetur sadipscing elitr, sed diam nonumy eirmod tempor invidunt ut labore et dolore magna aliquyam erat, sed diam voluptua. At vero eos et accusam et justo duo dolores et ea rebum. Stet clita kasd gubergren, no sea takimata sanctus est Lorem ipsum dolor sit amet. &nbsp; &nbsp; Lorem ipsum dolor sit amet, consetetur sadipscing elitr, sed diam nonumy eirmod tempor invidunt ut labore et dolore magna aliquyam erat, sed diam voluptua. At vero eos et accusam et justo duo dolores et ea rebum. Stet clita kasd gubergren, no sea takimata sanctus est Lorem ipsum dolor sit amet.</p>', 0, 0, 0, 0, 3, 0, 26, 1, 0, 0, 0, 'default', 0, '', '', '', '', 0, '', '', 0, '0', '', 1, 0, '', 0, '', '', '', 0, 0, '', '', '', '', 124, 0, 0, 0, 0, '0', 0, 6),
(7, '', 8, 1688730346, 1688730346, 0, 0, 0, 0, '', 1088, 0, 0, 0, 0, '', 0x7b22696d616765223a22227d, 0, 0, 0, 0, 'textpic', 'Headline 1 4x3', '', '<p>Lorem ipsum dolor sit amet, consetetur sadipscing elitr, sed diam nonumy eirmod tempor invidunt ut labore et dolore magna aliquyam erat, sed diam voluptua. At vero eos et accusam et justo duo dolores et ea rebum. Stet clita kasd gubergren, no sea takimata sanctus est Lorem ipsum dolor sit amet. Lorem ipsum dolor sit amet, consetetur sadipscing elitr, sed diam nonumy eirmod tempor invidunt ut labore et dolore magna aliquyam erat, sed diam voluptua. At vero eos et accusam et justo duo dolores et ea rebum. Stet clita kasd gubergren, no sea takimata sanctus est Lorem ipsum dolor sit amet. Lorem ipsum dolor sit amet, consetetur sadipscing elitr, sed diam nonumy eirmod tempor invidunt ut labore et dolore magna aliquyam erat, sed diam voluptua. At vero eos et accusam et justo duo dolores et ea rebum. Stet clita kasd gubergren, no sea takimata sanctus est Lorem ipsum dolor sit amet. &nbsp; &nbsp; Lorem ipsum dolor sit amet, consetetur sadipscing elitr, sed diam nonumy eirmod tempor invidunt ut labore et dolore magna aliquyam erat, sed diam voluptua. At vero eos et accusam et justo duo dolores et ea rebum. Stet clita kasd gubergren, no sea takimata sanctus est Lorem ipsum dolor sit amet.</p>', 0, 0, 0, 0, 3, 0, 2, 3, 0, 0, 0, 'default', 0, '', '', '', '', 0, '', '', 0, '0', '', 1, 0, '', 0, '', '', '', 0, 0, '', '', '', '', 124, 0, 0, 0, 0, '0', 0, 7),
(8, '', 8, 1688730346, 1688730346, 0, 0, 0, 0, '', 1056, 0, 0, 0, 0, '', 0x7b22696d616765223a22227d, 0, 0, 0, 0, 'textpic', '', '', '<h2>Headline 1 4x3</h2>\r\n<p>Lorem ipsum dolor sit amet, consetetur sadipscing elitr, sed diam nonumy eirmod tempor invidunt ut labore et dolore magna aliquyam erat, sed diam voluptua. At vero eos et accusam et justo duo dolores et ea rebum. Stet clita kasd gubergren, no sea takimata sanctus est Lorem ipsum dolor sit amet. Lorem ipsum dolor sit amet, consetetur sadipscing elitr, sed diam nonumy eirmod tempor invidunt ut labore et dolore magna aliquyam erat, sed diam voluptua. At vero eos et accusam et justo duo dolores et ea rebum. Stet clita kasd gubergren, no sea takimata sanctus est Lorem ipsum dolor sit amet. Lorem ipsum dolor sit amet, consetetur sadipscing elitr, sed diam nonumy eirmod tempor invidunt ut labore et dolore magna aliquyam erat, sed diam voluptua. At vero eos et accusam et justo duo dolores et ea rebum. Stet clita kasd gubergren, no sea takimata sanctus est Lorem ipsum dolor sit amet. &nbsp;Lorem ipsum dolor sit amet, consetetur sadipscing elitr, sed diam nonumy eirmod tempor invidunt ut labore et dolore magna aliquyam erat, sed diam voluptua. At vero eos et accusam et justo duo dolores et ea rebum. Stet clita kasd gubergren, no sea takimata sanctus est Lorem ipsum dolor sit amet.</p>', 0, 0, 0, 0, 1, 0, 26, 2, 0, 0, 0, 'default', 0, '', '', '', '', 0, '', '', 0, '0', '', 1, 0, '', 0, '', '', '', 0, 0, '', '', '', '', 124, 0, 0, 0, 0, '0', 0, 8),
(9, '', 8, 1688730346, 1688730346, 0, 0, 0, 0, '', 1040, 0, 0, 0, 0, '', 0x7b22696d616765223a22227d, 0, 0, 0, 0, 'textpic', 'Headline 2 4x3', '', '<p>Lorem ipsum dolor sit amet, consetetur sadipscing elitr, sed diam nonumy eirmod tempor invidunt ut labore et dolore magna aliquyam erat, sed diam voluptua. At vero eos et accusam et justo duo dolores et ea rebum. Stet clita kasd gubergren, no sea takimata sanctus est Lorem ipsum dolor sit amet. Lorem ipsum dolor sit amet, consetetur sadipscing elitr, sed diam nonumy eirmod tempor invidunt ut labore et dolore magna aliquyam erat, sed diam voluptua. At vero eos et accusam et justo duo dolores et ea rebum. Stet clita kasd gubergren, no sea takimata sanctus est Lorem ipsum dolor sit amet. Lorem ipsum dolor sit amet, consetetur sadipscing elitr, sed diam nonumy eirmod tempor invidunt ut labore et dolore magna aliquyam erat, sed diam voluptua. At vero eos et accusam et justo duo dolores et ea rebum. Stet clita kasd gubergren, no sea takimata sanctus est Lorem ipsum dolor sit amet. Lorem ipsum dolor sit amet, consetetur sadipscing elitr, sed diam nonumy eirmod tempor invidunt ut labore et dolore magna aliquyam erat, sed diam voluptua. At vero eos et accusam et justo duo dolores et ea rebum. Stet clita kasd gubergren, no sea takimata sanctus est Lorem ipsum dolor sit amet.</p>', 0, 0, 0, 0, 3, 0, 0, 1, 0, 0, 0, 'default', 0, '', '', '', '', 0, '', '', 0, '0', '', 1, 0, '', 0, '', '', '', 0, 0, '', '', '', '', 124, 0, 0, 0, 0, '0', 0, 9),
(10, '', 8, 1688730346, 1688730346, 0, 0, 0, 0, '', 1032, 0, 0, 0, 0, '', 0x7b22696d616765223a22227d, 0, 0, 0, 0, 'textpic', 'Headline 5 4x3', '', '<p>Lorem ipsum dolor sit amet, consetetur sadipscing elitr, sed diam nonumy eirmod tempor invidunt ut labore et dolore magna aliquyam erat, sed diam voluptua. At vero eos et accusam et justo duo dolores et ea rebum. Stet clita kasd gubergren, no sea takimata sanctus est Lorem ipsum dolor sit amet. Lorem ipsum dolor sit amet, consetetur sadipscing elitr, sed diam nonumy eirmod tempor invidunt ut labore et dolore magna aliquyam erat, sed diam voluptua. At vero eos et accusam et justo duo dolores et ea rebum. Stet clita kasd gubergren, no sea takimata sanctus est Lorem ipsum dolor sit amet. Lorem ipsum dolor sit amet, consetetur sadipscing elitr, sed diam nonumy eirmod tempor invidunt ut labore et dolore magna aliquyam erat, sed diam voluptua. At vero eos et accusam et justo duo dolores et ea rebum. Stet clita kasd gubergren, no sea takimata sanctus est Lorem ipsum dolor sit amet.&nbsp;Lorem ipsum dolor sit amet, consetetur sadipscing elitr, sed diam nonumy eirmod tempor invidunt ut labore et dolore magna aliquyam erat, sed diam voluptua. At vero eos et accusam et justo duo dolores et ea rebum. Stet clita kasd gubergren, no sea takimata sanctus est Lorem ipsum dolor sit amet.</p>', 0, 0, 0, 0, 3, 0, 25, 3, 0, 0, 0, 'default', 0, '', '', '', '', 0, '', '', 0, '0', '', 1, 0, '', 0, '', '', '', 0, 0, '', '', '', '', 124, 0, 0, 0, 0, '0', 0, 10),
(11, '', 8, 1688730346, 1688730346, 0, 0, 0, 0, '', 1028, 0, 0, 0, 0, '', 0x7b22696d616765223a22227d, 0, 0, 0, 0, 'textpic', 'Headline 5 4x3', '', '<p>Lorem ipsum dolor sit amet, consetetur sadipscing elitr, sed diam nonumy eirmod tempor invidunt ut labore et dolore magna aliquyam erat, sed diam voluptua. At vero eos et accusam et justo duo dolores et ea rebum. Stet clita kasd gubergren, no sea takimata sanctus est Lorem ipsum dolor sit amet. Lorem ipsum dolor sit amet, consetetur sadipscing elitr, sed diam nonumy eirmod tempor invidunt ut labore et dolore magna aliquyam erat, sed diam voluptua. At vero eos et accusam et justo duo dolores et ea rebum. Stet clita kasd gubergren, no sea takimata sanctus est Lorem ipsum dolor sit amet. Lorem ipsum dolor sit amet, consetetur sadipscing elitr, sed diam nonumy eirmod tempor invidunt ut labore et dolore magna aliquyam erat, sed diam voluptua. At vero eos et accusam et justo duo dolores et ea rebum. Stet clita kasd gubergren, no sea takimata sanctus est Lorem ipsum dolor sit amet. &nbsp; &nbsp; Lorem ipsum dolor sit amet, consetetur sadipscing elitr, sed diam nonumy eirmod tempor invidunt ut labore et dolore magna aliquyam erat, sed diam voluptua. At vero eos et accusam et justo duo dolores et ea rebum. Stet clita kasd gubergren, no sea takimata sanctus est Lorem ipsum dolor sit amet.</p>', 0, 0, 0, 0, 1, 0, 25, 2, 0, 0, 0, 'default', 0, '', '', '', '', 0, '', '', 0, '0', '', 1, 0, '', 0, '', '', '', 0, 0, '', '', '', '', 124, 0, 0, 0, 0, '0', 0, 11),
(12, '', 8, 1688730346, 1688730346, 0, 0, 0, 0, '', 1026, 0, 0, 0, 0, '', 0x7b22696d616765223a22227d, 0, 0, 0, 0, 'textpic', 'Headline 4 4x3', '', '<p>Lorem ipsum dolor sit amet, consetetur sadipscing elitr, sed diam nonumy eirmod tempor invidunt ut labore et dolore magna aliquyam erat, sed diam voluptua. At vero eos et accusam et justo duo dolores et ea rebum. Stet clita kasd gubergren, no sea takimata sanctus est Lorem ipsum dolor sit amet. Lorem ipsum dolor sit amet, consetetur sadipscing elitr, sed diam nonumy eirmod tempor invidunt ut labore et dolore magna aliquyam erat, sed diam voluptua. At vero eos et accusam et justo duo dolores et ea rebum. Stet clita kasd gubergren, no sea takimata sanctus est Lorem ipsum dolor sit amet. Lorem ipsum dolor sit amet, consetetur sadipscing elitr, sed diam nonumy eirmod tempor invidunt ut labore et dolore magna aliquyam erat, sed diam voluptua. At vero eos et accusam et justo duo dolores et ea rebum. Stet clita kasd gubergren, no sea takimata sanctus est Lorem ipsum dolor sit amet. &nbsp; &nbsp; Lorem ipsum dolor sit amet, consetetur sadipscing elitr, sed diam nonumy eirmod tempor invidunt ut labore et dolore magna aliquyam erat, sed diam voluptua. At vero eos et accusam et justo duo dolores et ea rebum. Stet clita kasd gubergren, no sea takimata sanctus est Lorem ipsum dolor sit amet.</p>', 0, 0, 0, 0, 3, 0, 18, 3, 0, 0, 0, 'default', 0, '', '', '', '', 0, '', '', 0, '0', '', 1, 0, '', 0, '', '', '', 0, 0, '', '', '', '', 124, 0, 0, 0, 0, '0', 0, 12),
(13, '', 8, 1688730346, 1688730346, 0, 0, 0, 0, '', 1025, 0, 0, 0, 0, '', 0x7b22696d616765223a22227d, 0, 0, 0, 0, 'textpic', 'Headline 4 4x3', '', '<p>Lorem ipsum dolor sit amet, consetetur sadipscing elitr, sed diam nonumy eirmod tempor invidunt ut labore et dolore magna aliquyam erat, sed diam voluptua. At vero eos et accusam et justo duo dolores et ea rebum. Stet clita kasd gubergren, no sea takimata sanctus est Lorem ipsum dolor sit amet. Lorem ipsum dolor sit amet, consetetur sadipscing elitr, sed diam nonumy eirmod tempor invidunt ut labore et dolore magna aliquyam erat, sed diam voluptua. At vero eos et accusam et justo duo dolores et ea rebum. Stet clita kasd gubergren, no sea takimata sanctus est Lorem ipsum dolor sit amet. Lorem ipsum dolor sit amet, consetetur sadipscing elitr, sed diam nonumy eirmod tempor invidunt ut labore et dolore magna aliquyam erat, sed diam voluptua. At vero eos et accusam et justo duo dolores et ea rebum. Stet clita kasd gubergren, no sea takimata sanctus est Lorem ipsum dolor sit amet. Lorem ipsum dolor sit amet, consetetur sadipscing elitr, sed diam nonumy eirmod tempor invidunt ut labore et dolore magna aliquyam erat, sed diam voluptua. At vero eos et accusam et justo duo dolores et ea rebum. Stet clita kasd gubergren, no sea takimata sanctus est Lorem ipsum dolor sit amet.</p>', 0, 0, 0, 0, 1, 0, 18, 2, 0, 0, 0, 'default', 0, '', '', '', '', 0, '', '', 0, '0', '', 1, 0, '', 0, '', '', '', 0, 0, '', '', '', '', 124, 0, 0, 0, 0, '0', 0, 13),
(14, '', 8, 1688730346, 1688730346, 0, 0, 0, 0, '', 1024, 0, 0, 0, 0, '', 0x7b22696d616765223a22227d, 0, 0, 0, 0, 'textpic', 'Headline 3 4x3', '', '<p>Lorem ipsum dolor sit amet, consetetur sadipscing elitr, sed diam nonumy eirmod tempor invidunt ut labore et dolore magna aliquyam erat, sed diam voluptua. At vero eos et accusam et justo duo dolores et ea rebum. Stet clita kasd gubergren, no sea takimata sanctus est Lorem ipsum dolor sit amet. Lorem ipsum dolor sit amet, consetetur sadipscing elitr, sed diam nonumy eirmod tempor invidunt ut labore et dolore magna aliquyam erat, sed diam voluptua. At vero eos et accusam et justo duo dolores et ea rebum. Stet clita kasd gubergren, no sea takimata sanctus est Lorem ipsum dolor sit amet. Lorem ipsum dolor sit amet, consetetur sadipscing elitr, sed diam nonumy eirmod tempor invidunt ut labore et dolore magna aliquyam erat, sed diam voluptua. At vero eos et accusam et justo duo dolores et ea rebum. Stet clita kasd gubergren, no sea takimata sanctus est Lorem ipsum dolor sit amet. &nbsp; &nbsp; Lorem ipsum dolor sit amet, consetetur sadipscing elitr, sed diam nonumy eirmod tempor invidunt ut labore et dolore magna aliquyam erat, sed diam voluptua. At vero eos et accusam et justo duo dolores et ea rebum. Stet clita kasd gubergren, no sea takimata sanctus est Lorem ipsum dolor sit amet.</p>', 0, 0, 0, 0, 3, 0, 17, 3, 0, 0, 0, 'default', 0, '', '', '', '', 0, '', '', 0, '0', '', 1, 0, '', 0, '', '', '', 0, 0, '', '', '', '', 124, 0, 0, 0, 0, '0', 0, 14),
(15, '', 8, 1688730346, 1688730346, 0, 0, 0, 0, '', 768, 0, 0, 0, 0, '', 0x7b22696d616765223a22227d, 0, 0, 0, 0, 'textpic', 'Headline 3 4x3', '', '<p>Lorem ipsum dolor sit amet, consetetur sadipscing elitr, sed diam nonumy eirmod tempor invidunt ut labore et dolore magna aliquyam erat, sed diam voluptua. At vero eos et accusam et justo duo dolores et ea rebum. Stet clita kasd gubergren, no sea takimata sanctus est Lorem ipsum dolor sit amet. Lorem ipsum dolor sit amet, consetetur sadipscing elitr, sed diam nonumy eirmod tempor invidunt ut labore et dolore magna aliquyam erat, sed diam voluptua. At vero eos et accusam et justo duo dolores et ea rebum. Stet clita kasd gubergren, no sea takimata sanctus est Lorem ipsum dolor sit amet. Lorem ipsum dolor sit amet, consetetur sadipscing elitr, sed diam nonumy eirmod tempor invidunt ut labore et dolore magna aliquyam erat, sed diam voluptua. At vero eos et accusam et justo duo dolores et ea rebum. Stet clita kasd gubergren, no sea takimata sanctus est Lorem ipsum dolor sit amet. &nbsp; &nbsp; Lorem ipsum dolor sit amet, consetetur sadipscing elitr, sed diam nonumy eirmod tempor invidunt ut labore et dolore magna aliquyam erat, sed diam voluptua. At vero eos et accusam et justo duo dolores et ea rebum. Stet clita kasd gubergren, no sea takimata sanctus est Lorem ipsum dolor sit amet.</p>', 0, 0, 0, 0, 1, 0, 25, 2, 0, 0, 0, 'default', 0, '', '', '', '', 0, '', '', 0, '0', '', 1, 0, '', 0, '', '', '', 0, 0, '', '', '', '', 124, 0, 0, 0, 0, '0', 0, 15),
(16, '', 8, 1688730346, 1688730346, 0, 0, 0, 0, '', 640, 0, 0, 0, 0, '', 0x7b22696d616765223a22227d, 0, 0, 0, 0, 'textpic', 'Headline 5 4x3', '', '<p>Lorem ipsum dolor sit amet, consetetur sadipscing elitr, sed diam nonumy eirmod tempor invidunt ut labore et dolore magna aliquyam erat, sed diam voluptua. At vero eos et accusam et justo duo dolores et ea rebum. Stet clita kasd gubergren, no sea takimata sanctus est Lorem ipsum dolor sit amet. Lorem ipsum dolor sit amet, consetetur sadipscing elitr, sed diam nonumy eirmod tempor invidunt ut labore et dolore magna aliquyam erat, sed diam voluptua. At vero eos et accusam et justo duo dolores et ea rebum. Stet clita kasd gubergren, no sea takimata sanctus est Lorem ipsum dolor sit amet. Lorem ipsum dolor sit amet, consetetur sadipscing elitr, sed diam nonumy eirmod tempor invidunt ut labore et dolore magna aliquyam erat, sed diam voluptua. At vero eos et accusam et justo duo dolores et ea rebum. Stet clita kasd gubergren, no sea takimata sanctus est Lorem ipsum dolor sit amet.&nbsp;</p>\r\n<p>Lorem ipsum dolor sit amet, consetetur sadipscing elitr, sed diam nonumy eirmod tempor invidunt ut labore et dolore magna aliquyam erat, sed diam voluptua. At vero eos et accusam et justo duo dolores et ea rebum. Stet clita kasd gubergren, no sea takimata sanctus est Lorem ipsum dolor sit amet.</p>', 0, 0, 0, 0, 3, 0, 0, 3, 0, 0, 0, 'default', 0, '', '', '', '', 0, '', '', 0, '0', '', 1, 0, '', 0, '', '', '', 0, 0, '', '', '', '', 124, 0, 0, 0, 0, '0', 0, 16),
(17, '', 8, 1688730346, 1688730346, 0, 0, 0, 0, '', 576, 0, 0, 0, 0, '', 0x7b22696d616765223a22227d, 0, 0, 0, 0, 'textpic', 'Headline 4 4x3', '', '<p>Lorem ipsum dolor sit amet, consetetur sadipscing elitr, sed diam nonumy eirmod tempor invidunt ut labore et dolore magna aliquyam erat, sed diam voluptua. At vero eos et accusam et justo duo dolores et ea rebum. Stet clita kasd gubergren, no sea takimata sanctus est Lorem ipsum dolor sit amet. Lorem ipsum dolor sit amet, consetetur sadipscing elitr, sed diam nonumy eirmod tempor invidunt ut labore et dolore magna aliquyam erat, sed diam voluptua. At vero eos et accusam et justo duo dolores et ea rebum. Stet clita kasd gubergren, no sea takimata sanctus est Lorem ipsum dolor sit amet. Lorem ipsum dolor sit amet, consetetur sadipscing elitr, sed diam nonumy eirmod tempor invidunt ut labore et dolore magna aliquyam erat, sed diam voluptua. At vero eos et accusam et justo duo dolores et ea rebum. Stet clita kasd gubergren, no sea takimata sanctus est Lorem ipsum dolor sit amet.</p>\r\n<p>Lorem ipsum dolor sit amet, consetetur sadipscing elitr, sed diam nonumy eirmod tempor invidunt ut labore et dolore magna aliquyam erat, sed diam voluptua. At vero eos et accusam et justo duo dolores et ea rebum. Stet clita kasd gubergren, no sea takimata sanctus est Lorem ipsum dolor sit amet.</p>', 0, 0, 0, 0, 1, 0, 2, 2, 0, 0, 0, 'default', 0, '', '', '', '', 0, '', '', 0, '0', '', 1, 0, '', 0, '', '', '', 0, 0, '', '', '', '', 124, 0, 0, 0, 0, '0', 0, 17),
(18, '', 8, 1688730346, 1688730346, 0, 0, 0, 0, '', 544, 0, 0, 0, 0, '', 0x7b22696d616765223a22227d, 0, 0, 0, 0, 'textpic', '', '', '<h2>Headline 1 4x3</h2>\r\n<p>Lorem ipsum dolor sit amet, consetetur sadipscing elitr, sed diam nonumy eirmod tempor invidunt ut labore et dolore magna aliquyam erat, sed diam voluptua. At vero eos et accusam et justo duo dolores et ea rebum. Stet clita kasd gubergren, no sea takimata sanctus est Lorem ipsum dolor sit amet. Lorem ipsum dolor sit amet, consetetur sadipscing elitr, sed diam nonumy eirmod tempor invidunt ut labore et dolore magna aliquyam erat, sed diam voluptua. At vero eos et accusam et justo duo dolores et ea rebum. Stet clita kasd gubergren, no sea takimata sanctus est Lorem ipsum dolor sit amet. Lorem ipsum dolor sit amet, consetetur sadipscing elitr, sed diam nonumy eirmod tempor invidunt ut labore et dolore magna aliquyam erat, sed diam voluptua. At vero eos et accusam et justo duo dolores et ea rebum. Stet clita kasd gubergren, no sea takimata sanctus est Lorem ipsum dolor sit amet.</p>\r\n<p>Lorem ipsum dolor sit amet, consetetur sadipscing elitr, sed diam nonumy eirmod tempor invidunt ut labore et dolore magna aliquyam erat, sed diam voluptua. At vero eos et accusam et justo duo dolores et ea rebum. Stet clita kasd gubergren, no sea takimata sanctus est Lorem ipsum dolor sit amet.</p>', 0, 0, 0, 0, 3, 0, 1, 3, 0, 0, 0, 'default', 0, '', '', '', '', 0, '', '', 0, '0', '', 1, 0, '', 0, '', '', '', 0, 0, '', '', '', '', 124, 0, 0, 0, 0, '0', 0, 18),
(19, '', 8, 1688730346, 1688730346, 0, 0, 0, 0, '', 528, 0, 0, 0, 0, '', 0x7b22696d616765223a22227d, 0, 0, 0, 0, 'textpic', 'Headline 5 4x3', '', '<p>Lorem ipsum dolor sit amet, consetetur sadipscing elitr, sed diam nonumy eirmod tempor invidunt ut labore et dolore magna aliquyam erat, sed diam voluptua. At vero eos et accusam et justo duo dolores et ea rebum. Stet clita kasd gubergren, no sea takimata sanctus est Lorem ipsum dolor sit amet. Lorem ipsum dolor sit amet, consetetur sadipscing elitr, sed diam nonumy eirmod tempor invidunt ut labore et dolore magna aliquyam erat, sed diam voluptua. At vero eos et accusam et justo duo dolores et ea rebum. Stet clita kasd gubergren, no sea takimata sanctus est Lorem ipsum dolor sit amet. Lorem ipsum dolor sit amet, consetetur sadipscing elitr, sed diam nonumy eirmod tempor invidunt ut labore et dolore magna aliquyam erat, sed diam voluptua. At vero eos et accusam et justo duo dolores et ea rebum. Stet clita kasd gubergren, no sea takimata sanctus est Lorem ipsum dolor sit amet.</p>\r\n<p>Lorem ipsum dolor sit amet, consetetur sadipscing elitr, sed diam nonumy eirmod tempor invidunt ut labore et dolore magna aliquyam erat, sed diam voluptua. At vero eos et accusam et justo duo dolores et ea rebum. Stet clita kasd gubergren, no sea takimata sanctus est Lorem ipsum dolor sit amet.</p>', 0, 0, 0, 0, 1, 0, 1, 2, 0, 0, 0, 'default', 0, '', '', '', '', 0, '', '', 0, '0', '', 1, 0, '', 0, '', '', '', 0, 0, '', '', '', '', 124, 0, 0, 0, 0, '0', 0, 19),
(20, '', 8, 1688730346, 1688730346, 0, 0, 0, 0, '', 520, 0, 0, 0, 0, '', '', 0, 0, 0, 0, 'text', 'Headline 1 4x3', '', '<p>Lorem ipsum dolor sit amet, consetetur sadipscing elitr, sed diam nonumy eirmod tempor invidunt ut labore et dolore magna aliquyam erat, sed diam voluptua. At vero eos et accusam et justo duo dolores et ea rebum. Stet clita kasd gubergren, no sea takimata sanctus est Lorem ipsum dolor sit amet. Lorem ipsum dolor sit amet, consetetur sadipscing elitr, sed diam nonumy eirmod tempor invidunt ut labore et dolore magna aliquyam erat, sed diam voluptua. At vero eos et accusam et justo duo dolores et ea rebum. Stet clita kasd gubergren, no sea takimata sanctus est Lorem ipsum dolor sit amet. Lorem ipsum dolor sit amet, consetetur sadipscing elitr, sed diam nonumy eirmod tempor invidunt ut labore et dolore magna aliquyam erat, sed diam voluptua. At vero eos et accusam et justo duo dolores et ea rebum. Stet clita kasd gubergren, no sea takimata sanctus est Lorem ipsum dolor sit amet.</p>\r\n<p>Lorem ipsum dolor sit amet, consetetur sadipscing elitr, sed diam nonumy eirmod tempor invidunt ut labore et dolore magna aliquyam erat, sed diam voluptua. At vero eos et accusam et justo duo dolores et ea rebum. Stet clita kasd gubergren, no sea takimata sanctus est Lorem ipsum dolor sit amet.</p>', 0, 0, 0, 0, 0, 0, 0, 2, 0, 0, 0, 'default', 0, '', '', '', '', 0, '', '', 0, '0', '', 1, 0, '', 0, '', '', '', 0, 0, '', '', '', '', 124, 0, 0, 0, 0, '0', 0, 20),
(21, '', 8, 1688730346, 1688730346, 0, 0, 0, 0, '', 516, 0, 0, 0, 0, '', 0x7b22696d616765223a22227d, 0, 0, 0, 0, 'image', 'Headline', '', '', 0, 0, 0, 0, 1, 0, 0, 2, 0, 0, 0, 'default', 0, '', '', '', '', 0, '', '', 0, '0', '', 1, 0, '', 0, '', '', '', 0, 0, '', '', '', '', 124, 0, 0, 0, 0, '0', 0, 21),
(22, '', 8, 1688730346, 1688730346, 0, 0, 0, 0, '', 514, 0, 0, 0, 0, '', '', 0, 0, 0, 0, 'text', '', '', '<p>Lorem ipsum dolor sit amet, consetetur sadipscing elitr, sed diam nonumy eirmod tempor invidunt ut labore et dolore magna aliquyam erat, sed diam voluptua. At vero eos et accusam et justo duo dolores et ea rebum. Stet clita kasd gubergren, no sea takimata sanctus est Lorem ipsum dolor sit amet. Lorem ipsum dolor sit amet, consetetur sadipscing elitr, sed diam nonumy eirmod tempor invidunt ut labore et dolore magna aliquyam erat, sed diam voluptua. At vero eos et accusam et justo duo dolores et ea rebum. Stet clita kasd gubergren, no sea takimata sanctus est Lorem ipsum dolor sit amet.</p>\r\n<p><strong>the text is bold</strong></p>\r\n<p><em>the text is italic</em></p>\r\n<p><u>the text is underline</u></p>', 0, 0, 0, 0, 0, 0, 0, 2, 0, 0, 0, 'default', 0, '', '', '', '', 0, '', '', 0, '0', '', 1, 0, '', 0, '', '', '', 0, 0, '', '', '', '', 124, 0, 0, 0, 0, '0', 0, 22),
(23, '', 8, 1688730346, 1688730346, 0, 0, 0, 0, '', 513, 0, 0, 0, 0, '', '', 0, 0, 0, 0, 'text', '', '', '<ol>    <li>Nummer</li>    <li>       Nummer 	       <ol>          <li>Nummer</li>          <li>             Nummer 		             <ol>                <li>Nummer</li>                <li>Nummer Lorem ipsum dolor sit amet, consetetur sadipscing elitr, sed diam nonumy eirmod tempor invidunt ut labore et dolore magna aliquyam erat, sed diam voluptua. At vero eos et accusam et justo duo dolores et ea rebum. Stet clita kasd gubergren, no sea takimata sanctus est Lorem ipsum dolor sit amet. Lorem ipsum d</li>                <li>Nummer</li>                <li>                   Nummer 			                   <ol>                      <li>Nummer Lorem ipsum dolor sit amet, consetetur sadipscing elitr, sed diam nonumy eirmod tempor invidunt ut labore et dolore magna aliquyam erat, sed diam voluptua. At vero eos et accusam et justo duo dolores et ea rebum. Stet clita kasd gubergren, no sea takimata sanctus est Lorem ipsum dolor sit amet. Lorem ipsum d</li>                      <li>Nummer</li>                   </ol>                </li>                <li>Nummer</li>             </ol>          </li>          <li>Nummer</li>       </ol>    </li>    <li>Nummer</li>    <li>Nummer</li>    <li>Nummer</li> </ol>', 0, 0, 0, 0, 0, 0, 0, 2, 0, 0, 0, 'default', 0, '', '', '', '', 0, '', '', 0, '0', '', 1, 0, '', 0, '', '', '', 0, 0, '', '', '', '', 124, 0, 0, 0, 0, '0', 0, 23),
(24, '', 8, 1688730346, 1688730346, 0, 0, 0, 0, '', 512, 0, 0, 0, 0, '', '', 0, 0, 0, 0, 'text', '', '', '<ul>    <li>Point 1</li>    <li>       Points 2 	       <ul>          <li>             Lorem ipsum dolor sit amet, consetetur sadipscing elitr, sed diam nonumy eirmod tempor invidunt ut labore et dolore magna aliquyam erat, sed diam voluptua. At vero eos et accusam et justo duo dolores et ea rebum. Stet clita kasd gubergren, no sea takimata sanctus est Lorem ipsum dolor sit amet. Lorem ipsum d 		             <ul>                <li>                   Lorem ipsum dolor sit amet, consetetur sadipscing elitr, sed diam nonumy eirmod tempor invidunt ut labore et dolore magna aliquyam erat, sed diam voluptua. At vero eos et accusam et justo duo dolores et ea rebum. Stet clita kasd gubergren, no sea takimata sanctus est Lorem ipsum dolor sit amet. Lorem ipsum d 			                   <ul>                      <li>Lorem ipsum dolor sit amet, consetetur sadipscing elitr, sed diam nonumy eirmod tempor invidunt ut labore et dolore magna aliquyam erat, sed diam voluptua. At vero eos et accusam et justo duo dolores et ea rebum. Stet clita kasd gubergren, no sea takimata sanctus est Lorem ipsum dolor sit amet. Lorem ipsum d</li>                      <li>Lorem ipsum dolor sit amet, consetetur sadipscing elitr, sed diam nonumy eirmod tempor invidunt ut labore et dolore magna aliquyam erat, sed diam voluptua. At vero eos et accusam et justo duo dolores et ea rebum. Stet clita kasd gubergren, no sea takimata sanctus est Lorem ipsum dolor sit amet. Lorem ipsum d</li>                      <li>Lorem ipsum dolor sit amet, consetetur sadipscing elitr, sed diam nonumy eirmod tempor invidunt ut labore et dolore magna aliquyam erat, sed diam voluptua. At vero eos et accusam et justo duo dolores et ea rebum. Stet clita kasd gubergren, no sea takimata sanctus est Lorem ipsum dolor sit amet. Lorem ipsum d</li>                      <li>                         Lorem ipsum dolor sit amet, consetetur sadipscing elitr, sed diam nonumy eirmod tempor invidunt ut labore et dolore magna aliquyam erat, sed diam voluptua. At vero eos et accusam et justo duo dolores et ea rebum. Stet clita kasd gubergren, no sea takimata sanctus est Lorem ipsum dolor sit amet. Lorem ipsum d 				                         <ul>                            <li>Lorem ipsum dolor sit amet, consetetur sadipscing elitr, sed diam nonumy eirmod tempor invidunt ut labore et dolore magna aliquyam erat, sed diam voluptua. At vero eos et accusam et justo duo dolores et ea rebum. Stet clita kasd gubergren, no sea takimata sanctus est Lorem ipsum dolor sit amet. Lorem ipsum d</li>                            <li>Lorem ipsum dolor sit amet, consetetur sadipscing elitr, sed diam nonumy eirmod tempor invidunt ut labore et dolore magna aliquyam erat, sed diam voluptua. At vero eos et accusam et justo duo dolores et ea rebum. Stet clita kasd gubergren, no sea takimata sanctus est Lorem ipsum dolor sit amet. Lorem ipsum d</li>                         </ul>                      </li>                      <li>Lorem ipsum dolor sit amet, consetetur sadipscing elitr, sed diam nonumy eirmod tempor invidunt ut labore et dolore magna aliquyam erat, sed diam voluptua. At vero eos et accusam et justo duo dolores et ea rebum. Stet clita kasd gubergren, no sea takimata sanctus est Lorem ipsum dolor sit amet. Lorem ipsum d</li>                   </ul>                </li>                <li>Lorem ipsum dolor sit amet, consetetur sadipscing elitr, sed diam nonumy eirmod tempor invidunt ut labore et dolore magna aliquyam erat, sed diam voluptua. At vero eos et accusam et justo duo dolores et ea rebum. Stet clita kasd gubergren, no sea takimata sanctus est Lorem ipsum dolor sit amet. Lorem ipsum d</li>                <li>Lorem ipsum dolor sit amet, consetetur sadipscing elitr, sed diam nonumy eirmod tempor invidunt ut labore et dolore magna aliquyam erat, sed diam voluptua. At vero eos et accusam et justo duo dolores et ea rebum. Stet clita kasd gubergren, no sea takimata sanctus est Lorem ipsum dolor sit amet. Lorem ipsum d</li>                <li>Lorem ipsum dolor sit amet, consetetur sadipscing elitr, sed diam nonumy eirmod tempor invidunt ut labore et dolore magna aliquyam erat, sed diam voluptua. At vero eos et accusam et justo duo dolores et ea rebum. Stet clita kasd gubergren, no sea takimata sanctus est Lorem ipsum dolor sit amet. Lorem ipsum d</li>                <li>Lorem ipsum dolor sit amet, consetetur sadipscing elitr, sed diam nonumy eirmod tempor invidunt ut labore et dolore magna aliquyam erat, sed diam voluptua. At vero eos et accusam et justo duo dolores et ea rebum. Stet clita kasd gubergren, no sea takimata sanctus est Lorem ipsum dolor sit amet. Lorem ipsum d</li>             </ul>          </li>       </ul>    </li> </ul>', 0, 0, 0, 0, 0, 0, 0, 2, 0, 0, 0, 'default', 0, '', '', '', '', 0, '', '', 0, '0', '', 1, 0, '', 0, '', '', '', 0, 0, '', '', '', '', 124, 0, 0, 0, 0, '0', 0, 24),
(25, '', 8, 1688730346, 1688730346, 0, 0, 0, 0, '', 256, 0, 0, 0, 0, '', 0x613a32343a7b733a353a224354797065223b4e3b733a363a22636f6c506f73223b4e3b733a363a22686561646572223b4e3b733a31333a226865616465725f6c61796f7574223b4e3b733a31353a226865616465725f706f736974696f6e223b4e3b733a343a2264617465223b4e3b733a31313a226865616465725f6c696e6b223b4e3b733a393a22737562686561646572223b4e3b733a383a22626f647974657874223b4e3b733a363a226c61796f7574223b4e3b733a31313a226672616d655f636c617373223b4e3b733a31383a2273706163655f6265666f72655f636c617373223b4e3b733a31373a2273706163655f61667465725f636c617373223b4e3b733a31323a2273656374696f6e496e646578223b4e3b733a393a226c696e6b546f546f70223b4e3b733a31363a227379735f6c616e67756167655f756964223b4e3b733a363a2268696464656e223b4e3b733a393a22737461727474696d65223b4e3b733a373a22656e6474696d65223b4e3b733a383a2266655f67726f7570223b4e3b733a383a22656469746c6f636b223b4e3b733a31303a2263617465676f72696573223b4e3b733a31343a22726f774465736372697074696f6e223b4e3b733a32353a2274785f67726964656c656d656e74735f636f6e7461696e6572223b4e3b7d, 0, 0, 0, 0, 'text', '', '', '<h1>Headline 1</h1>\r\n<h2>Headline 2</h2>\r\n<h3>Headline 3</h3>\r\n<h4>Headline 4</h4>\r\n<h5>Headline 5</h5>\r\n<h6>Headline 6</h6>', 0, 0, 0, 0, 0, 0, 0, 2, 0, 0, 0, 'default', 0, '', '', '', '', 0, '', '', 0, '0', '', 1, 0, '', 0, '', '', '', 0, 0, '', '', '', '', 124, 0, 0, 0, 0, '0', 0, 25),
(26, '', 8, 1688730346, 1688730346, 0, 0, 0, 0, '', 128, 0, 0, 0, 0, '', 0x613a32333a7b733a353a224354797065223b4e3b733a363a22636f6c506f73223b4e3b733a363a22686561646572223b4e3b733a31333a226865616465725f6c61796f7574223b4e3b733a31353a226865616465725f706f736974696f6e223b4e3b733a343a2264617465223b4e3b733a31313a226865616465725f6c696e6b223b4e3b733a393a22737562686561646572223b4e3b733a383a22626f647974657874223b4e3b733a363a226c61796f7574223b4e3b733a31313a226672616d655f636c617373223b4e3b733a31383a2273706163655f6265666f72655f636c617373223b4e3b733a31373a2273706163655f61667465725f636c617373223b4e3b733a31323a2273656374696f6e496e646578223b4e3b733a393a226c696e6b546f546f70223b4e3b733a31363a227379735f6c616e67756167655f756964223b4e3b733a363a2268696464656e223b4e3b733a393a22737461727474696d65223b4e3b733a373a22656e6474696d65223b4e3b733a383a2266655f67726f7570223b4e3b733a383a22656469746c6f636b223b4e3b733a31303a2263617465676f72696573223b4e3b733a31343a22726f774465736372697074696f6e223b4e3b7d, 0, 0, 0, 0, 'text', '', '', '<h1><strong>CMS Page</strong></h1>', 0, 0, 0, 0, 0, 0, 0, 2, 0, 0, 0, 'default', 0, 'large', 'small', '', '', 0, '', '', 0, '0', '', 1, 0, '', 0, '', '', '', 0, 0, '', '', '', '', 124, 0, 0, 0, 0, '0', 0, 26);
INSERT INTO `tt_content` (`uid`, `rowDescription`, `pid`, `tstamp`, `crdate`, `deleted`, `hidden`, `starttime`, `endtime`, `fe_group`, `sorting`, `editlock`, `sys_language_uid`, `l18n_parent`, `l10n_source`, `l10n_state`, `l18n_diffsource`, `t3ver_oid`, `t3ver_wsid`, `t3ver_state`, `t3ver_stage`, `CType`, `header`, `header_position`, `bodytext`, `bullets_type`, `uploads_description`, `uploads_type`, `assets`, `image`, `imagewidth`, `imageorient`, `imagecols`, `imageborder`, `media`, `layout`, `frame_class`, `cols`, `space_before_class`, `space_after_class`, `records`, `pages`, `colPos`, `subheader`, `header_link`, `image_zoom`, `header_layout`, `list_type`, `sectionIndex`, `linkToTop`, `file_collections`, `filelink_size`, `filelink_sorting`, `filelink_sorting_direction`, `target`, `recursive`, `imageheight`, `pi_flexform`, `category_field`, `table_class`, `table_caption`, `table_delimiter`, `table_enclosure`, `table_header_position`, `table_tfoot`, `categories`, `selected_categories`, `date`, `tx_impexp_origuid`) VALUES
(27, '', 7, 1688730346, 1688730346, 0, 0, 0, 0, '', 256, 0, 0, 0, 0, '', 0x613a32333a7b733a353a224354797065223b4e3b733a363a22636f6c506f73223b4e3b733a363a22686561646572223b4e3b733a31333a226865616465725f6c61796f7574223b4e3b733a31353a226865616465725f706f736974696f6e223b4e3b733a343a2264617465223b4e3b733a31313a226865616465725f6c696e6b223b4e3b733a393a22737562686561646572223b4e3b733a383a22626f647974657874223b4e3b733a363a226c61796f7574223b4e3b733a31313a226672616d655f636c617373223b4e3b733a31383a2273706163655f6265666f72655f636c617373223b4e3b733a31373a2273706163655f61667465725f636c617373223b4e3b733a31323a2273656374696f6e496e646578223b4e3b733a393a226c696e6b546f546f70223b4e3b733a31363a227379735f6c616e67756167655f756964223b4e3b733a363a2268696464656e223b4e3b733a393a22737461727474696d65223b4e3b733a373a22656e6474696d65223b4e3b733a383a2266655f67726f7570223b4e3b733a383a22656469746c6f636b223b4e3b733a31303a2263617465676f72696573223b4e3b733a31343a22726f774465736372697074696f6e223b4e3b7d, 0, 0, 0, 0, 'text', '', '', '<h3><strong>What is Lorem Ipsum?</strong></h3>\r\n<p><strong>Lorem Ipsum</strong>&nbsp;is simply dummy text of the printing and typesetting industry. Lorem Ipsum has been the industry\'s standard dummy text ever since the 1500s, when an unknown printer took a galley of type and scrambled it to make a type specimen book. It has survived not only five centuries, but also the leap into electronic typesetting, remaining essentially unchanged. It was popularised in the 1960s with the release of Letraset sheets containing Lorem Ipsum passages, and more recently with desktop publishing software like Aldus PageMaker including versions of Lorem Ipsum.</p>\r\n\r\n<h3><strong>What is Lorem Ipsum?</strong></h3>\r\n<p><strong>Lorem Ipsum</strong>&nbsp;is simply dummy text of the printing and typesetting industry. Lorem Ipsum has been the industry\'s standard dummy text ever since the 1500s, when an unknown printer took a galley of type and scrambled it to make a type specimen book. It has survived not only five centuries, but also the leap into electronic typesetting, remaining essentially unchanged. It was popularised in the 1960s with the release of Letraset sheets containing Lorem Ipsum passages, and more recently with desktop publishing software like Aldus PageMaker including versions of Lorem Ipsum</p>\r\n\r\n<h3><strong>What is Lorem Ipsum?</strong></h3>\r\n<p><strong>Lorem Ipsum</strong>&nbsp;is simply dummy text of the printing and typesetting industry. Lorem Ipsum has been the industry\'s standard dummy text ever since the 1500s, when an unknown printer took a galley of type and scrambled it to make a type specimen book. It has survived not only five centuries, but also the leap into electronic typesetting, remaining essentially unchanged. It was popularised in the 1960s with the release of Letraset sheets containing Lorem Ipsum passages, and more recently with desktop publishing software like Aldus PageMaker including versions of Lorem Ipsum</p>', 0, 0, 0, 0, 0, 0, 0, 2, 0, 0, 0, 'default', 0, '', 'large', '', '', 0, '', '', 0, '0', '', 1, 0, '', 0, '', '', '', 0, 0, '', '', '', '', 124, 0, 0, 0, 0, '0', 0, 27),
(28, '', 7, 1688730346, 1688730346, 0, 0, 0, 0, '', 128, 0, 0, 0, 0, '', 0x613a32323a7b733a353a224354797065223b4e3b733a363a22636f6c506f73223b4e3b733a363a22686561646572223b4e3b733a31333a226865616465725f6c61796f7574223b4e3b733a31353a226865616465725f706f736974696f6e223b4e3b733a343a2264617465223b4e3b733a31313a226865616465725f6c696e6b223b4e3b733a393a22737562686561646572223b4e3b733a363a226c61796f7574223b4e3b733a31313a226672616d655f636c617373223b4e3b733a31383a2273706163655f6265666f72655f636c617373223b4e3b733a31373a2273706163655f61667465725f636c617373223b4e3b733a31323a2273656374696f6e496e646578223b4e3b733a393a226c696e6b546f546f70223b4e3b733a31363a227379735f6c616e67756167655f756964223b4e3b733a363a2268696464656e223b4e3b733a393a22737461727474696d65223b4e3b733a373a22656e6474696d65223b4e3b733a383a2266655f67726f7570223b4e3b733a383a22656469746c6f636b223b4e3b733a31303a2263617465676f72696573223b4e3b733a31343a22726f774465736372697074696f6e223b4e3b7d, 0, 0, 0, 0, 'header', 'Privacy', '', '', 0, 0, 0, 0, 0, 0, 0, 2, 0, 0, 0, 'default', 0, 'large', 'medium', '', '', 0, '', '', 0, '0', '', 1, 0, '', 0, '', '', '', 0, 0, '', '', '', '', 124, 0, 0, 0, 0, '0', 0, 28),
(29, '', 6, 1688730346, 1688730346, 0, 0, 0, 0, '', 256, 0, 0, 0, 0, '', 0x613a32333a7b733a353a224354797065223b4e3b733a363a22636f6c506f73223b4e3b733a363a22686561646572223b4e3b733a31333a226865616465725f6c61796f7574223b4e3b733a31353a226865616465725f706f736974696f6e223b4e3b733a343a2264617465223b4e3b733a31313a226865616465725f6c696e6b223b4e3b733a393a22737562686561646572223b4e3b733a383a22626f647974657874223b4e3b733a363a226c61796f7574223b4e3b733a31313a226672616d655f636c617373223b4e3b733a31383a2273706163655f6265666f72655f636c617373223b4e3b733a31373a2273706163655f61667465725f636c617373223b4e3b733a31323a2273656374696f6e496e646578223b4e3b733a393a226c696e6b546f546f70223b4e3b733a31363a227379735f6c616e67756167655f756964223b4e3b733a363a2268696464656e223b4e3b733a393a22737461727474696d65223b4e3b733a373a22656e6474696d65223b4e3b733a383a2266655f67726f7570223b4e3b733a383a22656469746c6f636b223b4e3b733a31303a2263617465676f72696573223b4e3b733a31343a22726f774465736372697074696f6e223b4e3b7d, 0, 0, 0, 0, 'text', '', '', '<h3><strong>What is Lorem Ipsum?</strong></h3>\r\n<p><strong>Lorem Ipsum</strong>&nbsp;is simply dummy text of the printing and typesetting industry. Lorem Ipsum has been the industry\'s standard dummy text ever since the 1500s, when an unknown printer took a galley of type and scrambled it to make a type specimen book. It has survived not only five centuries, but also the leap into electronic typesetting, remaining essentially unchanged. It was popularised in the 1960s with the release of Letraset sheets containing Lorem Ipsum passages, and more recently with desktop publishing software like Aldus PageMaker including versions of Lorem Ipsum.</p>\r\n\r\n<h3><strong>What is Lorem Ipsum?</strong></h3>\r\n<p><strong>Lorem Ipsum</strong>&nbsp;is simply dummy text of the printing and typesetting industry. Lorem Ipsum has been the industry\'s standard dummy text ever since the 1500s, when an unknown printer took a galley of type and scrambled it to make a type specimen book. It has survived not only five centuries, but also the leap into electronic typesetting, remaining essentially unchanged. It was popularised in the 1960s with the release of Letraset sheets containing Lorem Ipsum passages, and more recently with desktop publishing software like Aldus PageMaker including versions of Lorem Ipsum</p>\r\n\r\n<h3><strong>What is Lorem Ipsum?</strong></h3>\r\n<p><strong>Lorem Ipsum</strong>&nbsp;is simply dummy text of the printing and typesetting industry. Lorem Ipsum has been the industry\'s standard dummy text ever since the 1500s, when an unknown printer took a galley of type and scrambled it to make a type specimen book. It has survived not only five centuries, but also the leap into electronic typesetting, remaining essentially unchanged. It was popularised in the 1960s with the release of Letraset sheets containing Lorem Ipsum passages, and more recently with desktop publishing software like Aldus PageMaker including versions of Lorem Ipsum</p>', 0, 0, 0, 0, 0, 0, 0, 2, 0, 0, 0, 'default', 0, 'medium', 'large', '', '', 0, '', '', 0, '0', '', 1, 0, '', 0, '', '', '', 0, 0, '', '', '', '', 124, 0, 0, 0, 0, '0', 0, 29),
(30, '', 6, 1688730346, 1688730346, 0, 0, 0, 0, '', 128, 0, 0, 0, 0, '', 0x613a32323a7b733a353a224354797065223b4e3b733a363a22636f6c506f73223b4e3b733a363a22686561646572223b4e3b733a31333a226865616465725f6c61796f7574223b4e3b733a31353a226865616465725f706f736974696f6e223b4e3b733a343a2264617465223b4e3b733a31313a226865616465725f6c696e6b223b4e3b733a393a22737562686561646572223b4e3b733a363a226c61796f7574223b4e3b733a31313a226672616d655f636c617373223b4e3b733a31383a2273706163655f6265666f72655f636c617373223b4e3b733a31373a2273706163655f61667465725f636c617373223b4e3b733a31323a2273656374696f6e496e646578223b4e3b733a393a226c696e6b546f546f70223b4e3b733a31363a227379735f6c616e67756167655f756964223b4e3b733a363a2268696464656e223b4e3b733a393a22737461727474696d65223b4e3b733a373a22656e6474696d65223b4e3b733a383a2266655f67726f7570223b4e3b733a383a22656469746c6f636b223b4e3b733a31303a2263617465676f72696573223b4e3b733a31343a22726f774465736372697074696f6e223b4e3b7d, 0, 0, 0, 0, 'header', 'Terms', '', '', 0, 0, 0, 0, 0, 0, 0, 2, 0, 0, 0, 'default', 0, 'large', '', '', '', 0, '', '', 0, '0', '', 1, 0, '', 0, '', '', '', 0, 0, '', '', '', '', 124, 0, 0, 0, 0, '0', 0, 30),
(31, '', 5, 1688730346, 1688730346, 0, 0, 0, 0, '', 256, 0, 0, 0, 0, '', 0x613a32333a7b733a353a224354797065223b4e3b733a363a22636f6c506f73223b4e3b733a363a22686561646572223b4e3b733a31333a226865616465725f6c61796f7574223b4e3b733a31353a226865616465725f706f736974696f6e223b4e3b733a343a2264617465223b4e3b733a31313a226865616465725f6c696e6b223b4e3b733a393a22737562686561646572223b4e3b733a383a22626f647974657874223b4e3b733a363a226c61796f7574223b4e3b733a31313a226672616d655f636c617373223b4e3b733a31383a2273706163655f6265666f72655f636c617373223b4e3b733a31373a2273706163655f61667465725f636c617373223b4e3b733a31323a2273656374696f6e496e646578223b4e3b733a393a226c696e6b546f546f70223b4e3b733a31363a227379735f6c616e67756167655f756964223b4e3b733a363a2268696464656e223b4e3b733a393a22737461727474696d65223b4e3b733a373a22656e6474696d65223b4e3b733a383a2266655f67726f7570223b4e3b733a383a22656469746c6f636b223b4e3b733a31303a2263617465676f72696573223b4e3b733a31343a22726f774465736372697074696f6e223b4e3b7d, 0, 0, 0, 0, 'text', '', '', '<h3><strong>What is Lorem Ipsum?</strong></h3>\r\n<p><strong>Lorem Ipsum</strong>&nbsp;is simply dummy text of the printing and typesetting industry. Lorem Ipsum has been the industry\'s standard dummy text ever since the 1500s, when an unknown printer took a galley of type and scrambled it to make a type specimen book. It has survived not only five centuries, but also the leap into electronic typesetting, remaining essentially unchanged. It was popularised in the 1960s with the release of Letraset sheets containing Lorem Ipsum passages, and more recently with desktop publishing software like Aldus PageMaker including versions of Lorem Ipsum.</p>\r\n\r\n<h3><strong>What is Lorem Ipsum?</strong></h3>\r\n<p><strong>Lorem Ipsum</strong>&nbsp;is simply dummy text of the printing and typesetting industry. Lorem Ipsum has been the industry\'s standard dummy text ever since the 1500s, when an unknown printer took a galley of type and scrambled it to make a type specimen book. It has survived not only five centuries, but also the leap into electronic typesetting, remaining essentially unchanged. It was popularised in the 1960s with the release of Letraset sheets containing Lorem Ipsum passages, and more recently with desktop publishing software like Aldus PageMaker including versions of Lorem Ipsum</p>\r\n\r\n<h3><strong>What is Lorem Ipsum?</strong></h3>\r\n<p><strong>Lorem Ipsum</strong>&nbsp;is simply dummy text of the printing and typesetting industry. Lorem Ipsum has been the industry\'s standard dummy text ever since the 1500s, when an unknown printer took a galley of type and scrambled it to make a type specimen book. It has survived not only five centuries, but also the leap into electronic typesetting, remaining essentially unchanged. It was popularised in the 1960s with the release of Letraset sheets containing Lorem Ipsum passages, and more recently with desktop publishing software like Aldus PageMaker including versions of Lorem Ipsum</p>', 0, 0, 0, 0, 0, 0, 0, 2, 0, 0, 0, 'default', 0, 'medium', 'large', '', '', 0, '', '', 0, '0', '', 1, 0, '', 0, '', '', '', 0, 0, '', '', '', '', 124, 0, 0, 0, 0, '0', 0, 31),
(32, '', 5, 1688730346, 1688730346, 0, 0, 0, 0, '', 128, 0, 0, 0, 0, '', 0x613a32323a7b733a353a224354797065223b4e3b733a363a22636f6c506f73223b4e3b733a363a22686561646572223b4e3b733a31333a226865616465725f6c61796f7574223b4e3b733a31353a226865616465725f706f736974696f6e223b4e3b733a343a2264617465223b4e3b733a31313a226865616465725f6c696e6b223b4e3b733a393a22737562686561646572223b4e3b733a363a226c61796f7574223b4e3b733a31313a226672616d655f636c617373223b4e3b733a31383a2273706163655f6265666f72655f636c617373223b4e3b733a31373a2273706163655f61667465725f636c617373223b4e3b733a31323a2273656374696f6e496e646578223b4e3b733a393a226c696e6b546f546f70223b4e3b733a31363a227379735f6c616e67756167655f756964223b4e3b733a363a2268696464656e223b4e3b733a393a22737461727474696d65223b4e3b733a373a22656e6474696d65223b4e3b733a383a2266655f67726f7570223b4e3b733a383a22656469746c6f636b223b4e3b733a31303a2263617465676f72696573223b4e3b733a31343a22726f774465736372697074696f6e223b4e3b7d, 0, 0, 0, 0, 'header', 'FAQ', '', '', 0, 0, 0, 0, 0, 0, 0, 2, 0, 0, 0, 'default', 0, 'large', '', '', '', 0, '', '', 0, '0', '', 1, 0, '', 0, '', '', '', 0, 0, '', '', '', '', 124, 0, 0, 0, 0, '0', 0, 32),
(33, '', 3, 1688740922, 1688730346, 0, 0, 0, 0, '', 256, 0, 0, 0, 0, '', 0x7b224354797065223a22222c22636f6c506f73223a22222c2270695f666c6578666f726d223a22222c2273706163655f6265666f72655f636c617373223a22222c2273706163655f61667465725f636c617373223a22222c227379735f6c616e67756167655f756964223a22222c22737461727474696d65223a22222c22656e6474696d65223a22222c2266655f67726f7570223a22222c22656469746c6f636b223a22227d, 0, 0, 0, 0, 'ns_header', '', '', '', 0, 0, 0, 0, 1, 0, 0, 2, 0, 0, 0, 'default', 0, '', '', '', '', 0, '', '', 0, '0', '', 1, 0, '', 0, '', '', '', 0, 0, '<?xml version=\"1.0\" encoding=\"utf-8\" standalone=\"yes\" ?>\n<T3FlexForms>\n    <data>\n        <sheet index=\"sDEF\">\n            <language index=\"lDEF\">\n                <field index=\"text\">\n                    <value index=\"vDEF\">The Page you are looking for is not available.</value>\n                </field>\n                <field index=\"image\">\n                    <value index=\"vDEF\">1</value>\n                </field>\n                <field index=\"btnText\">\n                    <value index=\"vDEF\">Back To Home Page</value>\n                </field>\n                <field index=\"link\">\n                    <value index=\"vDEF\">1</value>\n                </field>\n                <field index=\"file2\">\n                    <value index=\"vDEF\">1</value>\n                </field>\n            </language>\n        </sheet>\n    </data>\n</T3FlexForms>', '', '', '', 124, 0, 0, 0, 0, '0', 0, 33),
(34, '', 1, 1688730346, 1688730346, 0, 0, 0, 0, '', 256, 0, 0, 0, 0, '', 0x7b2270695f666c6578666f726d223a22227d, 0, 0, 0, 0, 'ns_header', '', '', '', 0, 0, 0, 0, 1, 0, 0, 2, 0, 0, 0, 'default', 0, '', '', '', '', 0, '', '', 0, '0', '', 1, 0, '', 0, '', '', '', 0, 0, '<?xml version=\"1.0\" encoding=\"utf-8\" standalone=\"yes\" ?>\n<T3FlexForms>\n    <data>\n        <sheet index=\"sDEF\">\n            <language index=\"lDEF\">\n                <field index=\"text\">\n                    <value index=\"vDEF\">New Age is an app landing page that will help you beautifully showcase your new mobile app, or anything else!</value>\n                </field>\n                <field index=\"image\">\n                    <value index=\"vDEF\">1</value>\n                </field>\n                <field index=\"btnText\">\n                    <value index=\"vDEF\">Start Now for Free!</value>\n                </field>\n                <field index=\"link\">\n                    <value index=\"vDEF\">#download</value>\n                </field>\n                <field index=\"file2\">\n                    <value index=\"vDEF\">1</value>\n                </field>\n            </language>\n        </sheet>\n    </data>\n</T3FlexForms>', '', '', '', 124, 0, 0, 0, 0, '0', 0, 34);

-- End of File