-- T3Terminal Theme SQL Dump
-- version 1.0.0
-- https://www.t3terminal.com/
--
-- Generation Time: Thursday, April 23 2026 16:06:41
-- PHP Version: 8.4.17

SET SQL_MODE = "NO_AUTO_VALUE_ON_ZERO";


--
-- Dumping data for table `pages` (rows: 14)
--

INSERT INTO `pages` (`uid`, `pid`, `tstamp`, `crdate`, `deleted`, `hidden`, `starttime`, `endtime`, `fe_group`, `sorting`, `rowDescription`, `editlock`, `sys_language_uid`, `l10n_parent`, `l10n_source`, `l10n_state`, `l10n_diffsource`, `t3ver_oid`, `t3ver_wsid`, `t3ver_state`, `t3ver_stage`, `perms_userid`, `perms_groupid`, `perms_user`, `perms_group`, `perms_everybody`, `SYS_LASTCHANGED`, `shortcut`, `content_from_pid`, `mount_pid`, `tx_impexp_origuid`, `sitemap_priority`, `doktype`, `title`, `slug`, `TSconfig`, `php_tree_stop`, `categories`, `layout`, `extendToSubpages`, `nav_title`, `nav_hide`, `subtitle`, `target`, `lastUpdated`, `newUntil`, `cache_timeout`, `cache_tags`, `no_search`, `shortcut_mode`, `keywords`, `description`, `abstract`, `author`, `author_email`, `media`, `is_siteroot`, `mount_pid_ol`, `module`, `l18n_cfg`, `backend_layout`, `backend_layout_next_level`, `tsconfig_includes`, `seo_title`, `no_index`, `no_follow`, `sitemap_changefreq`, `canonical_link`, `og_title`, `og_description`, `og_image`, `twitter_title`, `twitter_description`, `twitter_image`, `twitter_card`, `link`, `tx_themecamino_logo`) VALUES 
("1","0","1688730346","1688730346","0","0","0","0","","256","","0","0","0","0","","","0","0","0","0","1","0","31","27","0","1688740844","0","0","0","1","0.5","1","Home","/","","0","0","0","0","","0","","","0","0","0","","0","0","New age, age, TYPO3","New Age is an app landing page that will help you beautifully showcase your new mobile app, or anything else!","New Age is an app landing page that will help you beautifully showcase your new mobile app, or anything else!","","","0","1","0","","0","pagets__default","","","","0","0","","","","","0","","","0","summary","","0"),
("2","1","1688730346","1688730346","0","0","0","0","","256","","0","0","0","0","","","0","0","0","0","1","0","31","27","0","0","0","0","0","2","0.5","199","misc","/misc","","0","0","0","0","","0","","","0","0","0","","0","0","","","","","","0","0","0","","0","","","","","0","0","","","","","0","","","0","summary","","0"),
("3","2","1688730346","1688730346","0","0","0","0","","256","","0","0","0","0","","a:50:{s:7:\"doktype\";N;s:5:\"title\";N;s:4:\"slug\";N;s:9:\"nav_title\";N;s:8:\"subtitle\";N;s:9:\"seo_title\";N;s:11:\"description\";N;s:8:\"no_index\";N;s:9:\"no_follow\";N;s:14:\"canonical_link\";N;s:18:\"sitemap_changefreq\";N;s:16:\"sitemap_priority\";N;s:8:\"og_title\";N;s:14:\"og_description\";N;s:8:\"og_image\";N;s:13:\"twitter_title\";N;s:19:\"twitter_description\";N;s:13:\"twitter_image\";N;s:12:\"twitter_card\";N;s:8:\"abstract\";N;s:8:\"keywords\";N;s:6:\"author\";N;s:12:\"author_email\";N;s:11:\"lastUpdated\";N;s:6:\"layout\";N;s:8:\"newUntil\";N;s:14:\"backend_layout\";N;s:25:\"backend_layout_next_level\";N;s:16:\"content_from_pid\";N;s:6:\"target\";N;s:13:\"cache_timeout\";N;s:10:\"cache_tags\";N;s:11:\"is_siteroot\";N;s:9:\"no_search\";N;s:13:\"php_tree_stop\";N;s:6:\"module\";N;s:5:\"media\";N;s:17:\"tsconfig_includes\";N;s:8:\"TSconfig\";N;s:8:\"l18n_cfg\";N;s:6:\"hidden\";N;s:8:\"nav_hide\";N;s:9:\"starttime\";N;s:7:\"endtime\";N;s:16:\"extendToSubpages\";N;s:8:\"fe_group\";N;s:13:\"fe_login_mode\";N;s:8:\"editlock\";N;s:10:\"categories\";N;s:14:\"rowDescription\";N;}","0","0","0","0","1","0","31","27","0","1688740922","0","0","0","3","0.5","1","404","/404","","0","0","2","0","","0","","","0","0","0","","0","0","","","","","","0","0","0","","0","pagets__default","","","","0","0","","","","","0","","","0","summary","","0"),
("4","1","1688730346","1688730346","0","0","0","0","","128","","0","0","0","0","","","0","0","0","0","1","0","31","27","0","0","0","0","0","4","0.5","199","Footer","/footer","","0","0","0","0","","0","","","0","0","0","","0","0","","","","","","0","0","0","","0","","","","","0","0","","","","","0","","","0","summary","","0"),
("5","4","1688730346","1688730346","0","0","0","0","","256","","0","0","0","0","","a:50:{s:7:\"doktype\";N;s:5:\"title\";N;s:4:\"slug\";N;s:9:\"nav_title\";N;s:8:\"subtitle\";N;s:9:\"seo_title\";N;s:11:\"description\";N;s:8:\"no_index\";N;s:9:\"no_follow\";N;s:14:\"canonical_link\";N;s:18:\"sitemap_changefreq\";N;s:16:\"sitemap_priority\";N;s:8:\"og_title\";N;s:14:\"og_description\";N;s:8:\"og_image\";N;s:13:\"twitter_title\";N;s:19:\"twitter_description\";N;s:13:\"twitter_image\";N;s:12:\"twitter_card\";N;s:8:\"abstract\";N;s:8:\"keywords\";N;s:6:\"author\";N;s:12:\"author_email\";N;s:11:\"lastUpdated\";N;s:6:\"layout\";N;s:8:\"newUntil\";N;s:14:\"backend_layout\";N;s:25:\"backend_layout_next_level\";N;s:16:\"content_from_pid\";N;s:6:\"target\";N;s:13:\"cache_timeout\";N;s:10:\"cache_tags\";N;s:11:\"is_siteroot\";N;s:9:\"no_search\";N;s:13:\"php_tree_stop\";N;s:6:\"module\";N;s:5:\"media\";N;s:17:\"tsconfig_includes\";N;s:8:\"TSconfig\";N;s:8:\"l18n_cfg\";N;s:6:\"hidden\";N;s:8:\"nav_hide\";N;s:9:\"starttime\";N;s:7:\"endtime\";N;s:16:\"extendToSubpages\";N;s:8:\"fe_group\";N;s:13:\"fe_login_mode\";N;s:8:\"editlock\";N;s:10:\"categories\";N;s:14:\"rowDescription\";N;}","0","0","0","0","1","0","31","27","0","1688730346","0","0","0","5","0.5","1","FAQ","/faq","","0","0","1","0","","0","","","0","0","0","","0","0","","","","","","0","0","0","","0","pagets__content","","","","0","0","","","","","0","","","0","summary","","0"),
("6","4","1688730346","1688730346","0","0","0","0","","128","","0","0","0","0","","a:50:{s:7:\"doktype\";N;s:5:\"title\";N;s:4:\"slug\";N;s:9:\"nav_title\";N;s:8:\"subtitle\";N;s:9:\"seo_title\";N;s:11:\"description\";N;s:8:\"no_index\";N;s:9:\"no_follow\";N;s:14:\"canonical_link\";N;s:18:\"sitemap_changefreq\";N;s:16:\"sitemap_priority\";N;s:8:\"og_title\";N;s:14:\"og_description\";N;s:8:\"og_image\";N;s:13:\"twitter_title\";N;s:19:\"twitter_description\";N;s:13:\"twitter_image\";N;s:12:\"twitter_card\";N;s:8:\"abstract\";N;s:8:\"keywords\";N;s:6:\"author\";N;s:12:\"author_email\";N;s:11:\"lastUpdated\";N;s:6:\"layout\";N;s:8:\"newUntil\";N;s:14:\"backend_layout\";N;s:25:\"backend_layout_next_level\";N;s:16:\"content_from_pid\";N;s:6:\"target\";N;s:13:\"cache_timeout\";N;s:10:\"cache_tags\";N;s:11:\"is_siteroot\";N;s:9:\"no_search\";N;s:13:\"php_tree_stop\";N;s:6:\"module\";N;s:5:\"media\";N;s:17:\"tsconfig_includes\";N;s:8:\"TSconfig\";N;s:8:\"l18n_cfg\";N;s:6:\"hidden\";N;s:8:\"nav_hide\";N;s:9:\"starttime\";N;s:7:\"endtime\";N;s:16:\"extendToSubpages\";N;s:8:\"fe_group\";N;s:13:\"fe_login_mode\";N;s:8:\"editlock\";N;s:10:\"categories\";N;s:14:\"rowDescription\";N;}","0","0","0","0","1","0","31","27","0","0","0","0","0","6","0.5","1","Terms","/terms","","0","0","1","0","","0","","","0","0","0","","0","0","","","","","","0","0","0","","0","pagets__content","","","","0","0","","","","","0","","","0","summary","","0"),
("7","4","1688730346","1688730346","0","0","0","0","","64","","0","0","0","0","","a:50:{s:7:\"doktype\";N;s:5:\"title\";N;s:4:\"slug\";N;s:9:\"nav_title\";N;s:8:\"subtitle\";N;s:9:\"seo_title\";N;s:11:\"description\";N;s:8:\"no_index\";N;s:9:\"no_follow\";N;s:14:\"canonical_link\";N;s:18:\"sitemap_changefreq\";N;s:16:\"sitemap_priority\";N;s:8:\"og_title\";N;s:14:\"og_description\";N;s:8:\"og_image\";N;s:13:\"twitter_title\";N;s:19:\"twitter_description\";N;s:13:\"twitter_image\";N;s:12:\"twitter_card\";N;s:8:\"abstract\";N;s:8:\"keywords\";N;s:6:\"author\";N;s:12:\"author_email\";N;s:11:\"lastUpdated\";N;s:6:\"layout\";N;s:8:\"newUntil\";N;s:14:\"backend_layout\";N;s:25:\"backend_layout_next_level\";N;s:16:\"content_from_pid\";N;s:6:\"target\";N;s:13:\"cache_timeout\";N;s:10:\"cache_tags\";N;s:11:\"is_siteroot\";N;s:9:\"no_search\";N;s:13:\"php_tree_stop\";N;s:6:\"module\";N;s:5:\"media\";N;s:17:\"tsconfig_includes\";N;s:8:\"TSconfig\";N;s:8:\"l18n_cfg\";N;s:6:\"hidden\";N;s:8:\"nav_hide\";N;s:9:\"starttime\";N;s:7:\"endtime\";N;s:16:\"extendToSubpages\";N;s:8:\"fe_group\";N;s:13:\"fe_login_mode\";N;s:8:\"editlock\";N;s:10:\"categories\";N;s:14:\"rowDescription\";N;}","0","0","0","0","1","0","31","27","0","1688730346","0","0","0","7","0.5","1","Privacy","/privacy","","0","0","1","0","","0","","","0","0","0","","0","0","","","","","","0","0","0","","0","pagets__content","","","","0","0","","","","","0","","","0","summary","","0"),
("8","4","1688730346","1688730346","0","0","0","0","","32","","0","0","0","0","","a:50:{s:7:\"doktype\";N;s:5:\"title\";N;s:4:\"slug\";N;s:9:\"nav_title\";N;s:8:\"subtitle\";N;s:9:\"seo_title\";N;s:11:\"description\";N;s:8:\"no_index\";N;s:9:\"no_follow\";N;s:14:\"canonical_link\";N;s:18:\"sitemap_changefreq\";N;s:16:\"sitemap_priority\";N;s:8:\"og_title\";N;s:14:\"og_description\";N;s:8:\"og_image\";N;s:13:\"twitter_title\";N;s:19:\"twitter_description\";N;s:13:\"twitter_image\";N;s:12:\"twitter_card\";N;s:8:\"abstract\";N;s:8:\"keywords\";N;s:6:\"author\";N;s:12:\"author_email\";N;s:11:\"lastUpdated\";N;s:6:\"layout\";N;s:8:\"newUntil\";N;s:14:\"backend_layout\";N;s:25:\"backend_layout_next_level\";N;s:16:\"content_from_pid\";N;s:6:\"target\";N;s:13:\"cache_timeout\";N;s:10:\"cache_tags\";N;s:11:\"is_siteroot\";N;s:9:\"no_search\";N;s:13:\"php_tree_stop\";N;s:6:\"module\";N;s:5:\"media\";N;s:17:\"tsconfig_includes\";N;s:8:\"TSconfig\";N;s:8:\"l18n_cfg\";N;s:6:\"hidden\";N;s:8:\"nav_hide\";N;s:9:\"starttime\";N;s:7:\"endtime\";N;s:16:\"extendToSubpages\";N;s:8:\"fe_group\";N;s:13:\"fe_login_mode\";N;s:8:\"editlock\";N;s:10:\"categories\";N;s:14:\"rowDescription\";N;}","0","0","0","0","1","0","31","27","0","1773992239","0","0","0","8","0.5","1","CMS","/cms","","0","0","1","0","","0","","","0","0","0","","0","0","","","","","","0","0","0","","0","pagets__content","","","","0","0","","","","","0","","","0","summary","","0"),
("9","1","1688730346","1688730346","0","0","0","0","","64","","0","0","0","0","","","0","0","0","0","1","0","31","27","0","0","0","0","0","9","0.5","199","Main Menu","/main-menu","","0","0","0","0","","0","","","0","0","0","","0","0","","","","","","0","0","0","","0","","","","","0","0","","","","","0","","","0","summary","","0"),
("10","9","1688730346","1688730346","0","0","0","0","","256","","0","0","0","0","","a:50:{s:7:\"doktype\";N;s:5:\"title\";N;s:4:\"slug\";N;s:9:\"nav_title\";N;s:8:\"subtitle\";N;s:9:\"seo_title\";N;s:11:\"description\";N;s:8:\"no_index\";N;s:9:\"no_follow\";N;s:14:\"canonical_link\";N;s:18:\"sitemap_changefreq\";N;s:16:\"sitemap_priority\";N;s:8:\"og_title\";N;s:14:\"og_description\";N;s:8:\"og_image\";N;s:13:\"twitter_title\";N;s:19:\"twitter_description\";N;s:13:\"twitter_image\";N;s:12:\"twitter_card\";N;s:8:\"abstract\";N;s:8:\"keywords\";N;s:6:\"author\";N;s:12:\"author_email\";N;s:11:\"lastUpdated\";N;s:6:\"layout\";N;s:8:\"newUntil\";N;s:14:\"backend_layout\";N;s:25:\"backend_layout_next_level\";N;s:16:\"content_from_pid\";N;s:6:\"target\";N;s:13:\"cache_timeout\";N;s:10:\"cache_tags\";N;s:11:\"is_siteroot\";N;s:9:\"no_search\";N;s:13:\"php_tree_stop\";N;s:6:\"module\";N;s:5:\"media\";N;s:17:\"tsconfig_includes\";N;s:8:\"TSconfig\";N;s:8:\"l18n_cfg\";N;s:6:\"hidden\";N;s:8:\"nav_hide\";N;s:9:\"starttime\";N;s:7:\"endtime\";N;s:16:\"extendToSubpages\";N;s:8:\"fe_group\";N;s:13:\"fe_login_mode\";N;s:8:\"editlock\";N;s:10:\"categories\";N;s:14:\"rowDescription\";N;}","0","0","0","0","1","0","31","27","0","1688730346","0","0","0","10","0.5","1","Contact","/contact","","0","0","0","0","","0","","","0","0","0","","0","0","","","","","","0","0","0","","0","pagets__content","","","","0","0","","","","","0","","","0","summary","","0"),
("11","9","1688730346","1688730346","0","0","0","0","","128","","0","0","0","0","","{\"media\":\"\"}","0","0","0","0","1","0","31","27","0","1688730346","0","0","0","11","0.5","1","CTA","/cta","","0","0","2","0","Cta","1","","","0","0","0","","0","0","","","","","","1","0","0","","0","pagets__content","","","","0","0","","","","","0","","","0","summary","","0"),
("12","9","1688730346","1688730346","0","0","0","0","","64","","0","0","0","0","","a:50:{s:7:\"doktype\";N;s:5:\"title\";N;s:4:\"slug\";N;s:9:\"nav_title\";N;s:8:\"subtitle\";N;s:9:\"seo_title\";N;s:11:\"description\";N;s:8:\"no_index\";N;s:9:\"no_follow\";N;s:14:\"canonical_link\";N;s:18:\"sitemap_changefreq\";N;s:16:\"sitemap_priority\";N;s:8:\"og_title\";N;s:14:\"og_description\";N;s:8:\"og_image\";N;s:13:\"twitter_title\";N;s:19:\"twitter_description\";N;s:13:\"twitter_image\";N;s:12:\"twitter_card\";N;s:8:\"abstract\";N;s:8:\"keywords\";N;s:6:\"author\";N;s:12:\"author_email\";N;s:11:\"lastUpdated\";N;s:6:\"layout\";N;s:8:\"newUntil\";N;s:14:\"backend_layout\";N;s:25:\"backend_layout_next_level\";N;s:16:\"content_from_pid\";N;s:6:\"target\";N;s:13:\"cache_timeout\";N;s:10:\"cache_tags\";N;s:11:\"is_siteroot\";N;s:9:\"no_search\";N;s:13:\"php_tree_stop\";N;s:6:\"module\";N;s:5:\"media\";N;s:17:\"tsconfig_includes\";N;s:8:\"TSconfig\";N;s:8:\"l18n_cfg\";N;s:6:\"hidden\";N;s:8:\"nav_hide\";N;s:9:\"starttime\";N;s:7:\"endtime\";N;s:16:\"extendToSubpages\";N;s:8:\"fe_group\";N;s:13:\"fe_login_mode\";N;s:8:\"editlock\";N;s:10:\"categories\";N;s:14:\"rowDescription\";N;}","0","0","0","0","1","0","31","27","0","1688730346","0","0","0","12","0.5","1","Features","/features","","0","0","1","0","","0","","","0","0","0","","0","0","","","","","","0","0","0","","0","pagets__content","","","","0","0","","","","","0","","","0","summary","","0"),
("13","9","1688730346","1688730346","0","0","0","0","","32","","0","0","0","0","","a:50:{s:7:\"doktype\";N;s:5:\"title\";N;s:4:\"slug\";N;s:9:\"nav_title\";N;s:8:\"subtitle\";N;s:9:\"seo_title\";N;s:11:\"description\";N;s:8:\"no_index\";N;s:9:\"no_follow\";N;s:14:\"canonical_link\";N;s:18:\"sitemap_changefreq\";N;s:16:\"sitemap_priority\";N;s:8:\"og_title\";N;s:14:\"og_description\";N;s:8:\"og_image\";N;s:13:\"twitter_title\";N;s:19:\"twitter_description\";N;s:13:\"twitter_image\";N;s:12:\"twitter_card\";N;s:8:\"abstract\";N;s:8:\"keywords\";N;s:6:\"author\";N;s:12:\"author_email\";N;s:11:\"lastUpdated\";N;s:6:\"layout\";N;s:8:\"newUntil\";N;s:14:\"backend_layout\";N;s:25:\"backend_layout_next_level\";N;s:16:\"content_from_pid\";N;s:6:\"target\";N;s:13:\"cache_timeout\";N;s:10:\"cache_tags\";N;s:11:\"is_siteroot\";N;s:9:\"no_search\";N;s:13:\"php_tree_stop\";N;s:6:\"module\";N;s:5:\"media\";N;s:17:\"tsconfig_includes\";N;s:8:\"TSconfig\";N;s:8:\"l18n_cfg\";N;s:6:\"hidden\";N;s:8:\"nav_hide\";N;s:9:\"starttime\";N;s:7:\"endtime\";N;s:16:\"extendToSubpages\";N;s:8:\"fe_group\";N;s:13:\"fe_login_mode\";N;s:8:\"editlock\";N;s:10:\"categories\";N;s:14:\"rowDescription\";N;}","0","0","0","0","1","0","31","27","0","1688740844","0","0","0","13","0.5","1","Download","/download","","0","0","0","0","","0","","","0","0","0","","0","0","","","","","","0","0","0","","0","pagets__content","","","","0","0","","","","","0","","","0","summary","","0"),
("14","9","1688730346","1688730346","0","0","0","0","","16","","0","0","0","0","","{\"shortcut\":\"\"}","0","0","0","0","1","0","31","27","0","0","1","0","0","14","0.5","4","Home","/home","","0","0","0","0","","0","","","0","0","0","","0","0","","","","","","0","0","0","","0","","","","","0","0","","","","","0","","","0","summary","","0");

--
-- Dumping data for table `sys_file` (rows: 11)
--

INSERT INTO `sys_file` (`uid`, `pid`, `tstamp`, `last_indexed`, `identifier`, `identifier_hash`, `folder_hash`, `extension`, `name`, `sha1`, `creation_date`, `modification_date`, `size`, `storage`, `type`, `mime_type`, `missing`, `metadata`) VALUES 
("1","0","1688730354","0","/ns_theme_newage/age-banner.png","0d66b7b39759feafbd77ae6f655e66c31dba4725","fb668dffab4d11d271c1f29324d11dc6392ee289","png","age-banner.png","7865079cebad96baebc2ce959dc3a3650b07a5a6","1688730354","1688730354","916698","1","2","image/png","0","0"),
("2","0","1688730354","0","/ns_theme_newage/mobile.png","ee878fa96224b7e025db18f64007811d7929bc35","fb668dffab4d11d271c1f29324d11dc6392ee289","png","mobile.png","b4c5789946f4a5a22c9413ea658816a00ead14f1","1688730354","1688730354","238026","1","2","image/png","0","0"),
("3","0","1688730354","0","/ns_theme_newage/general/placeholder_480x270.jpg","055d550541591a7f5b1639a58946ceceea72bf66","c5b95d7a5399d3c30f2bd5d1a55bebce145535b6","jpg","placeholder_480x270.jpg","3058a3c08346a4b83c2f657ee92657180c442a3f","1688730354","1688730354","3351","1","2","image/jpeg","0","0"),
("4","0","1688730354","0","/ns_theme_newage/bg-cta.jpg","5c4581e3a657d59f41dcc5616aded1d459192dd4","fb668dffab4d11d271c1f29324d11dc6392ee289","jpg","bg-cta.jpg","8483db4f2e16492cb73ccf8d6825ad11d67e4548","1688730354","1688730354","98037","1","2","image/jpeg","0","0"),
("5","0","1688730354","0","/ns_theme_newage/app-store-badge.svg","65c8896e14510b93278b13dd46922aba0c818fec","fb668dffab4d11d271c1f29324d11dc6392ee289","svg","app-store-badge.svg","da39a3ee5e6b4b0d3255bfef95601890afd80709","1688730354","1688730354","0","1","2","image/svg+xml","0","0"),
("6","0","1688730355","0","/ns_theme_newage/Form/contact.form.yaml","d5fbe121e7d1dab53583bf681062caee61b9cce1","590173cf156ef8a856f84345eee8bd441ae70a2f","yaml","contact.form.yaml","2db5fd8870cc3f480ab8bc3f03c8c58a21a48e51","1688730354","1688730354","4193","1","1","application/yaml","0","0"),
("7","0","1688732813","0","/ns_theme_newage/favicon.ico","b29b1227f64c9b23bf0446100a08a2120e7cdcf1","fb668dffab4d11d271c1f29324d11dc6392ee289","ico","favicon.ico","599afe3c1488bb2ba991288b79354902fca9bad6","1688731589","1688730354","15086","1","2","image/vnd.microsoft.icon","0","0"),
("8","0","1688732814","0","/ns_theme_newage/T3-new-age-logo-white.svg","b1aac81b11b415f663484358272d5711bddbca37","fb668dffab4d11d271c1f29324d11dc6392ee289","svg","T3-new-age-logo-white.svg","944b2259bd5ceed50c5c2cee1133daf809f7c537","1688731589","1688730354","8542","1","2","image/svg+xml","0","0"),
("9","0","1688732814","0","/ns_theme_newage/T3-new-age-logo.svg","308dcd6be0e64e3f20bf98574c5c8ed8f0f8011c","fb668dffab4d11d271c1f29324d11dc6392ee289","svg","T3-new-age-logo.svg","5227ea57c9c745bc723263d50b6250a2c276cc5e","1688731589","1688730354","8545","1","2","image/svg+xml","0","0"),
("10","0","1688733220","0","/ns_theme_newage/download-on-the-app-store.svg","69f480d49fd12ba091a9dcb1589666154ece7a56","fb668dffab4d11d271c1f29324d11dc6392ee289","svg","download-on-the-app-store.svg","ee3de176293a98f58cc8b8b53696159818561baa","1688733125","1688733039","10305","1","2","image/svg+xml","0","0"),
("11","0","1688733221","0","/ns_theme_newage/google-play.svg","85a8ec22e0695f731f48275c36d270d5812c014f","fb668dffab4d11d271c1f29324d11dc6392ee289","svg","google-play.svg","4bab263d70e3ea2cbe3a7fab25836aea405b0a4c","1688733125","1688733074","18654","1","2","image/svg+xml","0","0");

--
-- Dumping data for table `sys_file_metadata` (rows: 11)
--

INSERT INTO `sys_file_metadata` (`uid`, `pid`, `tstamp`, `crdate`, `sys_language_uid`, `l10n_parent`, `l10n_state`, `l10n_diffsource`, `t3ver_oid`, `t3ver_wsid`, `t3ver_state`, `t3ver_stage`, `title`, `alternative`, `categories`, `file`, `description`, `width`, `height`) VALUES 
("1","0","1776926584","1776926584","0","0",NULL,NULL,"0","0","0","0",NULL,NULL,"0","1",NULL,"0","0"),
("2","0","1776926584","1776926584","0","0",NULL,NULL,"0","0","0","0",NULL,NULL,"0","2",NULL,"0","0"),
("3","0","1776926584","1776926584","0","0",NULL,NULL,"0","0","0","0",NULL,NULL,"0","3",NULL,"0","0"),
("4","0","1776926584","1776926584","0","0",NULL,NULL,"0","0","0","0",NULL,NULL,"0","4",NULL,"0","0"),
("5","0","1776926584","1776926584","0","0",NULL,NULL,"0","0","0","0",NULL,NULL,"0","5",NULL,"0","0"),
("6","0","1776926584","1776926584","0","0",NULL,NULL,"0","0","0","0",NULL,NULL,"0","6",NULL,"0","0"),
("7","0","1776926584","1776926584","0","0",NULL,NULL,"0","0","0","0",NULL,NULL,"0","7",NULL,"0","0"),
("8","0","1776926584","1776926584","0","0",NULL,NULL,"0","0","0","0",NULL,NULL,"0","8",NULL,"0","0"),
("9","0","1776926584","1776926584","0","0",NULL,NULL,"0","0","0","0",NULL,NULL,"0","9",NULL,"0","0"),
("10","0","1776926584","1776926584","0","0",NULL,NULL,"0","0","0","0",NULL,NULL,"0","10",NULL,"0","0"),
("11","0","1776926584","1776926584","0","0",NULL,NULL,"0","0","0","0",NULL,NULL,"0","11",NULL,"0","0");

--
-- Dumping data for table `sys_file_reference` (rows: 50)
--

INSERT INTO `sys_file_reference` (`pid`, `tstamp`, `crdate`, `deleted`, `hidden`, `sys_language_uid`, `l10n_parent`, `l10n_state`, `l10n_diffsource`, `t3ver_oid`, `t3ver_wsid`, `t3ver_state`, `t3ver_stage`, `uid_local`, `title`, `alternative`, `uid_foreign`, `tablenames`, `fieldname`, `sorting_foreign`, `link`, `description`, `crop`, `autoplay`, `width`, `height`) VALUES 
("13","1688730346","1688730346","0","0","0","0","","a:1:{s:6:\"hidden\";N;}","0","0","0","0","5","","","1","tt_content","image","1","","","{\"specialMobile\":{\"cropArea\":{\"x\":0,\"y\":0,\"width\":1,\"height\":1},\"selectedRatio\":\"NaN\",\"focusArea\":null},\"specialTablet\":{\"cropArea\":{\"x\":0,\"y\":0,\"width\":1,\"height\":1},\"selectedRatio\":\"NaN\",\"focusArea\":null},\"default\":{\"cropArea\":{\"x\":0,\"y\":0,\"width\":1,\"height\":1},\"selectedRatio\":\"NaN\",\"focusArea\":null}}","0","0","0"),
("13","1688730346","1688730346","0","0","0","0","","","0","0","0","0","5","","","25","tt_content","image1","1","","","{\"specialMobile\":{\"cropArea\":{\"x\":0,\"y\":0,\"width\":1,\"height\":1},\"selectedRatio\":\"NaN\",\"focusArea\":null},\"specialTablet\":{\"cropArea\":{\"x\":0,\"y\":0,\"width\":1,\"height\":1},\"selectedRatio\":\"NaN\",\"focusArea\":null},\"default\":{\"cropArea\":{\"x\":0,\"y\":0,\"width\":1,\"height\":1},\"selectedRatio\":\"NaN\",\"focusArea\":null}}","0","0","0"),
("13","1688730346","1688730346","0","0","0","0","","a:1:{s:6:\"hidden\";N;}","0","0","0","0","5","","","26","tt_content","image1","1","","","{\"specialMobile\":{\"cropArea\":{\"x\":0,\"y\":0,\"width\":1,\"height\":1},\"selectedRatio\":\"NaN\",\"focusArea\":null},\"specialTablet\":{\"cropArea\":{\"x\":0,\"y\":0,\"width\":1,\"height\":1},\"selectedRatio\":\"NaN\",\"focusArea\":null},\"default\":{\"cropArea\":{\"x\":0,\"y\":0,\"width\":1,\"height\":1},\"selectedRatio\":\"NaN\",\"focusArea\":null}}","0","0","0"),
("13","1688730346","1688730346","0","0","0","0","","","0","0","0","0","5","","","8","tt_content","file3","1","","","{\"specialMobile\":{\"cropArea\":{\"x\":0,\"y\":0,\"width\":1,\"height\":1},\"selectedRatio\":\"NaN\",\"focusArea\":null},\"specialTablet\":{\"cropArea\":{\"x\":0,\"y\":0,\"width\":1,\"height\":1},\"selectedRatio\":\"NaN\",\"focusArea\":null},\"default\":{\"cropArea\":{\"x\":0,\"y\":0,\"width\":1,\"height\":1},\"selectedRatio\":\"NaN\",\"focusArea\":null}}","0","0","0"),
("13","1688730346","1688730346","0","0","0","0","","a:8:{s:11:\"alternative\";N;s:11:\"description\";N;s:4:\"link\";N;s:5:\"title\";N;s:4:\"crop\";N;s:9:\"uid_local\";N;s:6:\"hidden\";N;s:16:\"sys_language_uid\";N;}","0","0","0","0","4","","","2","tt_content","file2","1","","","{\"default\":{\"cropArea\":{\"x\":0,\"y\":0,\"width\":1,\"height\":1},\"selectedRatio\":\"NaN\",\"focusArea\":null}}","0","0","0"),
("13","1688730346","1688730346","0","0","0","0","","","0","0","0","0","2","","","1","tt_content","media","1","","","{\"default\":{\"cropArea\":{\"x\":0,\"y\":0,\"width\":1,\"height\":1},\"selectedRatio\":\"NaN\",\"focusArea\":null}}","0","0","0"),
("12","1688730346","1688730346","0","0","0","0","","a:1:{s:6:\"hidden\";N;}","0","0","0","0","2","","","2","tt_content","image","1","","","{\"specialMobile\":{\"cropArea\":{\"x\":0,\"y\":0,\"width\":1,\"height\":1},\"selectedRatio\":\"NaN\",\"focusArea\":null},\"specialTablet\":{\"cropArea\":{\"x\":0,\"y\":0,\"width\":1,\"height\":1},\"selectedRatio\":\"NaN\",\"focusArea\":null},\"default\":{\"cropArea\":{\"x\":0,\"y\":0,\"width\":1,\"height\":1},\"selectedRatio\":\"NaN\",\"focusArea\":null}}","0","0","0"),
("11","1688730346","1688730346","0","0","0","0","","a:1:{s:6:\"hidden\";N;}","0","0","0","0","4","","","3","tt_content","image","1","","","{\"specialMobile\":{\"cropArea\":{\"x\":0,\"y\":0,\"width\":1,\"height\":1},\"selectedRatio\":\"NaN\",\"focusArea\":null},\"specialTablet\":{\"cropArea\":{\"x\":0,\"y\":0,\"width\":1,\"height\":1},\"selectedRatio\":\"NaN\",\"focusArea\":null},\"default\":{\"cropArea\":{\"x\":0,\"y\":0,\"width\":1,\"height\":1},\"selectedRatio\":\"NaN\",\"focusArea\":null}}","0","0","0"),
("11","1688730346","1688730346","0","0","0","0","","","0","0","0","0","4","","","11","pages","media","1","","","{\"default\":{\"cropArea\":{\"x\":0,\"y\":0,\"width\":1,\"height\":1},\"selectedRatio\":\"NaN\",\"focusArea\":null}}","0","0","0"),
("8","1688730346","1688730346","0","0","0","0","","","0","0","0","0","3","","","21","tt_content","image","1","","","{\"specialMobile\":{\"cropArea\":{\"x\":0,\"y\":0,\"width\":1,\"height\":1},\"selectedRatio\":\"NaN\",\"focusArea\":null},\"specialTablet\":{\"cropArea\":{\"x\":0,\"y\":0,\"width\":1,\"height\":1},\"selectedRatio\":\"NaN\",\"focusArea\":null},\"default\":{\"cropArea\":{\"x\":0,\"y\":0,\"width\":1,\"height\":1},\"selectedRatio\":\"NaN\",\"focusArea\":null}}","0","0","0"),
("8","1688730346","1688730346","0","0","0","0","","","0","0","0","0","3","","","19","tt_content","image","1","","","{\"specialMobile\":{\"cropArea\":{\"x\":0,\"y\":0,\"width\":1,\"height\":1},\"selectedRatio\":\"NaN\",\"focusArea\":null},\"specialTablet\":{\"cropArea\":{\"x\":0,\"y\":0,\"width\":1,\"height\":1},\"selectedRatio\":\"NaN\",\"focusArea\":null},\"default\":{\"cropArea\":{\"x\":0,\"y\":0,\"width\":1,\"height\":1},\"selectedRatio\":\"NaN\",\"focusArea\":null}}","0","0","0"),
("8","1688730346","1688730346","0","0","0","0","","","0","0","0","0","3","","","18","tt_content","image","1","","","{\"specialMobile\":{\"cropArea\":{\"x\":0,\"y\":0,\"width\":1,\"height\":1},\"selectedRatio\":\"NaN\",\"focusArea\":null},\"specialTablet\":{\"cropArea\":{\"x\":0,\"y\":0,\"width\":1,\"height\":1},\"selectedRatio\":\"NaN\",\"focusArea\":null},\"default\":{\"cropArea\":{\"x\":0,\"y\":0,\"width\":1,\"height\":1},\"selectedRatio\":\"NaN\",\"focusArea\":null}}","0","0","0"),
("8","1688730346","1688730346","0","0","0","0","","","0","0","0","0","3","","","18","tt_content","image","2","","","{\"specialMobile\":{\"cropArea\":{\"x\":0,\"y\":0,\"width\":1,\"height\":1},\"selectedRatio\":\"NaN\",\"focusArea\":null},\"specialTablet\":{\"cropArea\":{\"x\":0,\"y\":0,\"width\":1,\"height\":1},\"selectedRatio\":\"NaN\",\"focusArea\":null},\"default\":{\"cropArea\":{\"x\":0,\"y\":0,\"width\":1,\"height\":1},\"selectedRatio\":\"NaN\",\"focusArea\":null}}","0","0","0"),
("8","1688730346","1688730346","0","0","0","0","","","0","0","0","0","3","","","18","tt_content","image","3","","","{\"specialMobile\":{\"cropArea\":{\"x\":0,\"y\":0,\"width\":1,\"height\":1},\"selectedRatio\":\"NaN\",\"focusArea\":null},\"specialTablet\":{\"cropArea\":{\"x\":0,\"y\":0,\"width\":1,\"height\":1},\"selectedRatio\":\"NaN\",\"focusArea\":null},\"default\":{\"cropArea\":{\"x\":0,\"y\":0,\"width\":1,\"height\":1},\"selectedRatio\":\"NaN\",\"focusArea\":null}}","0","0","0"),
("8","1688730346","1688730346","0","0","0","0","","","0","0","0","0","3","","","17","tt_content","image","1","","","{\"specialMobile\":{\"cropArea\":{\"x\":0,\"y\":0,\"width\":1,\"height\":1},\"selectedRatio\":\"NaN\",\"focusArea\":null},\"specialTablet\":{\"cropArea\":{\"x\":0,\"y\":0,\"width\":1,\"height\":1},\"selectedRatio\":\"NaN\",\"focusArea\":null},\"default\":{\"cropArea\":{\"x\":0,\"y\":0,\"width\":1,\"height\":1},\"selectedRatio\":\"NaN\",\"focusArea\":null}}","0","0","0"),
("8","1688730346","1688730346","0","0","0","0","","","0","0","0","0","3","","","16","tt_content","image","1","","","{\"specialMobile\":{\"cropArea\":{\"x\":0,\"y\":0,\"width\":1,\"height\":1},\"selectedRatio\":\"NaN\",\"focusArea\":null},\"specialTablet\":{\"cropArea\":{\"x\":0,\"y\":0,\"width\":1,\"height\":1},\"selectedRatio\":\"NaN\",\"focusArea\":null},\"default\":{\"cropArea\":{\"x\":0,\"y\":0,\"width\":1,\"height\":1},\"selectedRatio\":\"NaN\",\"focusArea\":null}}","0","0","0"),
("8","1688730346","1688730346","0","0","0","0","","","0","0","0","0","3","","","16","tt_content","image","2","","","{\"specialMobile\":{\"cropArea\":{\"x\":0,\"y\":0,\"width\":1,\"height\":1},\"selectedRatio\":\"NaN\",\"focusArea\":null},\"specialTablet\":{\"cropArea\":{\"x\":0,\"y\":0,\"width\":1,\"height\":1},\"selectedRatio\":\"NaN\",\"focusArea\":null},\"default\":{\"cropArea\":{\"x\":0,\"y\":0,\"width\":1,\"height\":1},\"selectedRatio\":\"NaN\",\"focusArea\":null}}","0","0","0"),
("8","1688730346","1688730346","0","0","0","0","","","0","0","0","0","3","","","16","tt_content","image","3","","","{\"specialMobile\":{\"cropArea\":{\"x\":0,\"y\":0,\"width\":1,\"height\":1},\"selectedRatio\":\"NaN\",\"focusArea\":null},\"specialTablet\":{\"cropArea\":{\"x\":0,\"y\":0,\"width\":1,\"height\":1},\"selectedRatio\":\"NaN\",\"focusArea\":null},\"default\":{\"cropArea\":{\"x\":0,\"y\":0,\"width\":1,\"height\":1},\"selectedRatio\":\"NaN\",\"focusArea\":null}}","0","0","0"),
("8","1688730346","1688730346","0","0","0","0","","","0","0","0","0","3","","","15","tt_content","image","1","","","{\"specialMobile\":{\"cropArea\":{\"x\":0,\"y\":0,\"width\":1,\"height\":1},\"selectedRatio\":\"NaN\",\"focusArea\":null},\"specialTablet\":{\"cropArea\":{\"x\":0,\"y\":0,\"width\":1,\"height\":1},\"selectedRatio\":\"NaN\",\"focusArea\":null},\"default\":{\"cropArea\":{\"x\":0,\"y\":0,\"width\":1,\"height\":1},\"selectedRatio\":\"NaN\",\"focusArea\":null}}","0","0","0"),
("8","1688730346","1688730346","0","0","0","0","","","0","0","0","0","3","","","14","tt_content","image","1","","","{\"specialMobile\":{\"cropArea\":{\"x\":0,\"y\":0,\"width\":1,\"height\":1},\"selectedRatio\":\"NaN\",\"focusArea\":null},\"specialTablet\":{\"cropArea\":{\"x\":0,\"y\":0,\"width\":1,\"height\":1},\"selectedRatio\":\"NaN\",\"focusArea\":null},\"default\":{\"cropArea\":{\"x\":0,\"y\":0,\"width\":1,\"height\":1},\"selectedRatio\":\"NaN\",\"focusArea\":null}}","0","0","0"),
("8","1688730346","1688730346","0","0","0","0","","","0","0","0","0","3","","","14","tt_content","image","2","","","{\"specialMobile\":{\"cropArea\":{\"x\":0,\"y\":0,\"width\":1,\"height\":1},\"selectedRatio\":\"NaN\",\"focusArea\":null},\"specialTablet\":{\"cropArea\":{\"x\":0,\"y\":0,\"width\":1,\"height\":1},\"selectedRatio\":\"NaN\",\"focusArea\":null},\"default\":{\"cropArea\":{\"x\":0,\"y\":0,\"width\":1,\"height\":1},\"selectedRatio\":\"NaN\",\"focusArea\":null}}","0","0","0"),
("8","1688730346","1688730346","0","0","0","0","","","0","0","0","0","3","","","14","tt_content","image","3","","","{\"specialMobile\":{\"cropArea\":{\"x\":0,\"y\":0,\"width\":1,\"height\":1},\"selectedRatio\":\"NaN\",\"focusArea\":null},\"specialTablet\":{\"cropArea\":{\"x\":0,\"y\":0,\"width\":1,\"height\":1},\"selectedRatio\":\"NaN\",\"focusArea\":null},\"default\":{\"cropArea\":{\"x\":0,\"y\":0,\"width\":1,\"height\":1},\"selectedRatio\":\"NaN\",\"focusArea\":null}}","0","0","0"),
("8","1688730346","1688730346","0","0","0","0","","","0","0","0","0","3","","","13","tt_content","image","1","","","{\"specialMobile\":{\"cropArea\":{\"x\":0,\"y\":0,\"width\":1,\"height\":1},\"selectedRatio\":\"NaN\",\"focusArea\":null},\"specialTablet\":{\"cropArea\":{\"x\":0,\"y\":0,\"width\":1,\"height\":1},\"selectedRatio\":\"NaN\",\"focusArea\":null},\"default\":{\"cropArea\":{\"x\":0,\"y\":0,\"width\":1,\"height\":1},\"selectedRatio\":\"NaN\",\"focusArea\":null}}","0","0","0"),
("8","1688730346","1688730346","0","0","0","0","","","0","0","0","0","3","","","12","tt_content","image","1","","","{\"specialMobile\":{\"cropArea\":{\"x\":0,\"y\":0,\"width\":1,\"height\":1},\"selectedRatio\":\"NaN\",\"focusArea\":null},\"specialTablet\":{\"cropArea\":{\"x\":0,\"y\":0,\"width\":1,\"height\":1},\"selectedRatio\":\"NaN\",\"focusArea\":null},\"default\":{\"cropArea\":{\"x\":0,\"y\":0,\"width\":1,\"height\":1},\"selectedRatio\":\"NaN\",\"focusArea\":null}}","0","0","0"),
("8","1688730346","1688730346","0","0","0","0","","","0","0","0","0","3","","","12","tt_content","image","2","","","{\"specialMobile\":{\"cropArea\":{\"x\":0,\"y\":0,\"width\":1,\"height\":1},\"selectedRatio\":\"NaN\",\"focusArea\":null},\"specialTablet\":{\"cropArea\":{\"x\":0,\"y\":0,\"width\":1,\"height\":1},\"selectedRatio\":\"NaN\",\"focusArea\":null},\"default\":{\"cropArea\":{\"x\":0,\"y\":0,\"width\":1,\"height\":1},\"selectedRatio\":\"NaN\",\"focusArea\":null}}","0","0","0"),
("8","1688730346","1688730346","0","0","0","0","","","0","0","0","0","3","","","12","tt_content","image","3","","","{\"specialMobile\":{\"cropArea\":{\"x\":0,\"y\":0,\"width\":1,\"height\":1},\"selectedRatio\":\"NaN\",\"focusArea\":null},\"specialTablet\":{\"cropArea\":{\"x\":0,\"y\":0,\"width\":1,\"height\":1},\"selectedRatio\":\"NaN\",\"focusArea\":null},\"default\":{\"cropArea\":{\"x\":0,\"y\":0,\"width\":1,\"height\":1},\"selectedRatio\":\"NaN\",\"focusArea\":null}}","0","0","0"),
("8","1688730346","1688730346","0","0","0","0","","","0","0","0","0","3","","","11","tt_content","image","1","","","{\"specialMobile\":{\"cropArea\":{\"x\":0,\"y\":0,\"width\":1,\"height\":1},\"selectedRatio\":\"NaN\",\"focusArea\":null},\"specialTablet\":{\"cropArea\":{\"x\":0,\"y\":0,\"width\":1,\"height\":1},\"selectedRatio\":\"NaN\",\"focusArea\":null},\"default\":{\"cropArea\":{\"x\":0,\"y\":0,\"width\":1,\"height\":1},\"selectedRatio\":\"NaN\",\"focusArea\":null}}","0","0","0"),
("8","1688730346","1688730346","0","0","0","0","","","0","0","0","0","3","","","10","tt_content","image","1","","","{\"specialMobile\":{\"cropArea\":{\"x\":0,\"y\":0,\"width\":1,\"height\":1},\"selectedRatio\":\"NaN\",\"focusArea\":null},\"specialTablet\":{\"cropArea\":{\"x\":0,\"y\":0,\"width\":1,\"height\":1},\"selectedRatio\":\"NaN\",\"focusArea\":null},\"default\":{\"cropArea\":{\"x\":0,\"y\":0,\"width\":1,\"height\":1},\"selectedRatio\":\"NaN\",\"focusArea\":null}}","0","0","0"),
("8","1688730346","1688730346","0","0","0","0","","","0","0","0","0","3","","","10","tt_content","image","2","","","{\"specialMobile\":{\"cropArea\":{\"x\":0,\"y\":0,\"width\":1,\"height\":1},\"selectedRatio\":\"NaN\",\"focusArea\":null},\"specialTablet\":{\"cropArea\":{\"x\":0,\"y\":0,\"width\":1,\"height\":1},\"selectedRatio\":\"NaN\",\"focusArea\":null},\"default\":{\"cropArea\":{\"x\":0,\"y\":0,\"width\":1,\"height\":1},\"selectedRatio\":\"NaN\",\"focusArea\":null}}","0","0","0"),
("8","1688730346","1688730346","0","0","0","0","","","0","0","0","0","3","","","10","tt_content","image","3","","","{\"specialMobile\":{\"cropArea\":{\"x\":0,\"y\":0,\"width\":1,\"height\":1},\"selectedRatio\":\"NaN\",\"focusArea\":null},\"specialTablet\":{\"cropArea\":{\"x\":0,\"y\":0,\"width\":1,\"height\":1},\"selectedRatio\":\"NaN\",\"focusArea\":null},\"default\":{\"cropArea\":{\"x\":0,\"y\":0,\"width\":1,\"height\":1},\"selectedRatio\":\"NaN\",\"focusArea\":null}}","0","0","0"),
("8","1688730346","1688730346","0","0","0","0","","","0","0","0","0","3","","","9","tt_content","image","1","","","{\"specialMobile\":{\"cropArea\":{\"x\":0,\"y\":0,\"width\":1,\"height\":1},\"selectedRatio\":\"NaN\",\"focusArea\":null},\"specialTablet\":{\"cropArea\":{\"x\":0,\"y\":0,\"width\":1,\"height\":1},\"selectedRatio\":\"NaN\",\"focusArea\":null},\"default\":{\"cropArea\":{\"x\":0,\"y\":0,\"width\":1,\"height\":1},\"selectedRatio\":\"NaN\",\"focusArea\":null}}","0","0","0"),
("8","1688730346","1688730346","0","0","0","0","","","0","0","0","0","3","","","9","tt_content","image","2","","","{\"specialMobile\":{\"cropArea\":{\"x\":0,\"y\":0,\"width\":1,\"height\":1},\"selectedRatio\":\"NaN\",\"focusArea\":null},\"specialTablet\":{\"cropArea\":{\"x\":0,\"y\":0,\"width\":1,\"height\":1},\"selectedRatio\":\"NaN\",\"focusArea\":null},\"default\":{\"cropArea\":{\"x\":0,\"y\":0,\"width\":1,\"height\":1},\"selectedRatio\":\"NaN\",\"focusArea\":null}}","0","0","0"),
("8","1688730346","1688730346","0","0","0","0","","","0","0","0","0","3","","","9","tt_content","image","3","","","{\"specialMobile\":{\"cropArea\":{\"x\":0,\"y\":0,\"width\":1,\"height\":1},\"selectedRatio\":\"NaN\",\"focusArea\":null},\"specialTablet\":{\"cropArea\":{\"x\":0,\"y\":0,\"width\":1,\"height\":1},\"selectedRatio\":\"NaN\",\"focusArea\":null},\"default\":{\"cropArea\":{\"x\":0,\"y\":0,\"width\":1,\"height\":1},\"selectedRatio\":\"NaN\",\"focusArea\":null}}","0","0","0"),
("8","1688730346","1688730346","0","0","0","0","","","0","0","0","0","3","","","8","tt_content","image","1","","","{\"specialMobile\":{\"cropArea\":{\"x\":0,\"y\":0,\"width\":1,\"height\":1},\"selectedRatio\":\"NaN\",\"focusArea\":null},\"specialTablet\":{\"cropArea\":{\"x\":0,\"y\":0,\"width\":1,\"height\":1},\"selectedRatio\":\"NaN\",\"focusArea\":null},\"default\":{\"cropArea\":{\"x\":0,\"y\":0,\"width\":1,\"height\":1},\"selectedRatio\":\"NaN\",\"focusArea\":null}}","0","0","0"),
("8","1688730346","1688730346","0","0","0","0","","","0","0","0","0","3","","","7","tt_content","image","1","","","{\"specialMobile\":{\"cropArea\":{\"x\":0,\"y\":0,\"width\":1,\"height\":1},\"selectedRatio\":\"NaN\",\"focusArea\":null},\"specialTablet\":{\"cropArea\":{\"x\":0,\"y\":0,\"width\":1,\"height\":1},\"selectedRatio\":\"NaN\",\"focusArea\":null},\"default\":{\"cropArea\":{\"x\":0,\"y\":0,\"width\":1,\"height\":1},\"selectedRatio\":\"NaN\",\"focusArea\":null}}","0","0","0"),
("8","1688730346","1688730346","0","0","0","0","","","0","0","0","0","3","","","7","tt_content","image","2","","","{\"specialMobile\":{\"cropArea\":{\"x\":0,\"y\":0,\"width\":1,\"height\":1},\"selectedRatio\":\"NaN\",\"focusArea\":null},\"specialTablet\":{\"cropArea\":{\"x\":0,\"y\":0,\"width\":1,\"height\":1},\"selectedRatio\":\"NaN\",\"focusArea\":null},\"default\":{\"cropArea\":{\"x\":0,\"y\":0,\"width\":1,\"height\":1},\"selectedRatio\":\"NaN\",\"focusArea\":null}}","0","0","0"),
("8","1688730346","1688730346","0","0","0","0","","","0","0","0","0","3","","","7","tt_content","image","3","","","{\"specialMobile\":{\"cropArea\":{\"x\":0,\"y\":0,\"width\":1,\"height\":1},\"selectedRatio\":\"NaN\",\"focusArea\":null},\"specialTablet\":{\"cropArea\":{\"x\":0,\"y\":0,\"width\":1,\"height\":1},\"selectedRatio\":\"NaN\",\"focusArea\":null},\"default\":{\"cropArea\":{\"x\":0,\"y\":0,\"width\":1,\"height\":1},\"selectedRatio\":\"NaN\",\"focusArea\":null}}","0","0","0"),
("8","1688730346","1688730346","0","0","0","0","","","0","0","0","0","3","","","6","tt_content","image","1","","","{\"specialMobile\":{\"cropArea\":{\"x\":0,\"y\":0,\"width\":1,\"height\":1},\"selectedRatio\":\"NaN\",\"focusArea\":null},\"specialTablet\":{\"cropArea\":{\"x\":0,\"y\":0,\"width\":1,\"height\":1},\"selectedRatio\":\"NaN\",\"focusArea\":null},\"default\":{\"cropArea\":{\"x\":0,\"y\":0,\"width\":1,\"height\":1},\"selectedRatio\":\"NaN\",\"focusArea\":null}}","0","0","0"),
("8","1688730346","1688730346","0","0","0","0","","","0","0","0","0","3","","","6","tt_content","image","2","","","{\"specialMobile\":{\"cropArea\":{\"x\":0,\"y\":0,\"width\":1,\"height\":1},\"selectedRatio\":\"NaN\",\"focusArea\":null},\"specialTablet\":{\"cropArea\":{\"x\":0,\"y\":0,\"width\":1,\"height\":1},\"selectedRatio\":\"NaN\",\"focusArea\":null},\"default\":{\"cropArea\":{\"x\":0,\"y\":0,\"width\":1,\"height\":1},\"selectedRatio\":\"NaN\",\"focusArea\":null}}","0","0","0"),
("8","1688730346","1688730346","0","0","0","0","","","0","0","0","0","3","","","6","tt_content","image","3","","","{\"specialMobile\":{\"cropArea\":{\"x\":0,\"y\":0,\"width\":1,\"height\":1},\"selectedRatio\":\"NaN\",\"focusArea\":null},\"specialTablet\":{\"cropArea\":{\"x\":0,\"y\":0,\"width\":1,\"height\":1},\"selectedRatio\":\"NaN\",\"focusArea\":null},\"default\":{\"cropArea\":{\"x\":0,\"y\":0,\"width\":1,\"height\":1},\"selectedRatio\":\"NaN\",\"focusArea\":null}}","0","0","0"),
("3","1688740922","1688730346","0","0","0","0","","{\"hidden\":\"\"}","0","0","0","0","1","","","33","tt_content","file2","1","","","{\"default\":{\"cropArea\":{\"x\":0,\"y\":0,\"width\":1,\"height\":1},\"selectedRatio\":\"NaN\",\"focusArea\":null}}","0","0","0"),
("3","1688730346","1688730346","0","0","0","0","","a:1:{s:6:\"hidden\";N;}","0","0","0","0","1","","","63","tt_content","file2","1","","","{\"default\":{\"cropArea\":{\"x\":0,\"y\":0,\"width\":1,\"height\":1},\"selectedRatio\":\"NaN\",\"focusArea\":null}}","0","0","0"),
("3","1688740922","1688730346","0","0","0","0","","{\"hidden\":\"\"}","0","0","0","0","2","","","33","tt_content","image","1","","","{\"specialMobile\":{\"cropArea\":{\"x\":0,\"y\":0,\"width\":1,\"height\":1},\"selectedRatio\":\"NaN\",\"focusArea\":null},\"specialTablet\":{\"cropArea\":{\"x\":0,\"y\":0,\"width\":1,\"height\":1},\"selectedRatio\":\"NaN\",\"focusArea\":null},\"default\":{\"cropArea\":{\"x\":0,\"y\":0,\"width\":1,\"height\":1},\"selectedRatio\":\"NaN\",\"focusArea\":null}}","0","0","0"),
("3","1688730346","1688730346","0","0","0","0","","a:1:{s:6:\"hidden\";N;}","0","0","0","0","1","","","65","tt_content","file2","1","","","{\"specialMobile\":{\"cropArea\":{\"x\":0,\"y\":0,\"width\":1,\"height\":1},\"selectedRatio\":\"NaN\",\"focusArea\":null},\"specialTablet\":{\"cropArea\":{\"x\":0,\"y\":0,\"width\":1,\"height\":1},\"selectedRatio\":\"NaN\",\"focusArea\":null},\"default\":{\"cropArea\":{\"x\":0,\"y\":0,\"width\":1,\"height\":1},\"selectedRatio\":\"NaN\",\"focusArea\":null}}","0","0","0"),
("1","1688730346","1688730346","0","0","0","0","","","0","0","0","0","1","","","34","tt_content","file2","1","","","{\"default\":{\"cropArea\":{\"x\":0,\"y\":0,\"width\":1,\"height\":1},\"selectedRatio\":\"NaN\",\"focusArea\":null}}","0","0","0"),
("1","1688730346","1688730346","0","0","0","0","","","0","0","0","0","1","","","28","tt_content","file2","1","","","{\"specialMobile\":{\"cropArea\":{\"x\":0,\"y\":0,\"width\":1,\"height\":1},\"selectedRatio\":\"NaN\",\"focusArea\":null},\"specialTablet\":{\"cropArea\":{\"x\":0,\"y\":0,\"width\":1,\"height\":1},\"selectedRatio\":\"NaN\",\"focusArea\":null},\"default\":{\"cropArea\":{\"x\":0,\"y\":0,\"width\":1,\"height\":1},\"selectedRatio\":\"NaN\",\"focusArea\":null}}","0","0","0"),
("1","1688730346","1688730346","0","0","0","0","","a:1:{s:6:\"hidden\";N;}","0","0","0","0","2","","","34","tt_content","image","1","","","{\"specialMobile\":{\"cropArea\":{\"x\":0,\"y\":0,\"width\":1,\"height\":1},\"selectedRatio\":\"NaN\",\"focusArea\":null},\"specialTablet\":{\"cropArea\":{\"x\":0,\"y\":0,\"width\":1,\"height\":1},\"selectedRatio\":\"NaN\",\"focusArea\":null},\"default\":{\"cropArea\":{\"x\":0,\"y\":0,\"width\":1,\"height\":1},\"selectedRatio\":\"NaN\",\"focusArea\":null}}","0","0","0"),
("1","1688730346","1688730346","0","0","0","0","","","0","0","0","0","1","","","6","tt_content","file2","1","","","{\"specialMobile\":{\"cropArea\":{\"x\":0,\"y\":0,\"width\":1,\"height\":1},\"selectedRatio\":\"NaN\",\"focusArea\":null},\"specialTablet\":{\"cropArea\":{\"x\":0,\"y\":0,\"width\":1,\"height\":1},\"selectedRatio\":\"NaN\",\"focusArea\":null},\"default\":{\"cropArea\":{\"x\":0,\"y\":0,\"width\":1,\"height\":1},\"selectedRatio\":\"NaN\",\"focusArea\":null}}","0","0","0"),
("13","1688740844","1688740844","0","0","0","0","","","0","0","0","0","10","","","1","tt_content","file2","1","","","{\"default\":{\"cropArea\":{\"x\":0,\"y\":0,\"width\":1,\"height\":1},\"selectedRatio\":\"NaN\",\"focusArea\":null}}","0","0","0"),
("13","1688740844","1688740844","0","0","0","0","","","0","0","0","0","11","","","1","tt_content","file2","2","","","{\"default\":{\"cropArea\":{\"x\":0,\"y\":0,\"width\":1,\"height\":1},\"selectedRatio\":\"NaN\",\"focusArea\":null}}","0","0","0");

--
-- Dumping data for table `sys_file_storage` (rows: 1)
--

INSERT INTO `sys_file_storage` (`uid`, `pid`, `tstamp`, `crdate`, `deleted`, `description`, `is_public`, `processingfolder`, `name`, `is_browsable`, `is_default`, `is_writable`, `is_online`, `auto_extract_metadata`, `driver`, `configuration`) VALUES 
("1","0","1688730346","1688730346","0","This is the local fileadmin/ directory. This storage mount has been created automatically by TYPO3.","1","","fileadmin","1","1","1","1","1","Local","<?xml version=\"1.0\" encoding=\"utf-8\" standalone=\"yes\" ?>\n<T3FlexForms>\n    <data>\n        <sheet index=\"sDEF\">\n            <language index=\"lDEF\">\n                <field index=\"basePath\">\n                    <value index=\"vDEF\">fileadmin/</value>\n                </field>\n                <field index=\"pathType\">\n                    <value index=\"vDEF\">relative</value>\n                </field>\n                <field index=\"caseSensitive\">\n                    <value index=\"vDEF\">1</value>\n                </field>\n            </language>\n        </sheet>\n    </data>\n</T3FlexForms>");

--
-- Dumping data for table `sys_refindex` (rows: 115)
--

INSERT INTO `sys_refindex` (`hash`, `tablename`, `recuid`, `field`, `hidden`, `starttime`, `endtime`, `t3ver_state`, `flexpointer`, `softref_key`, `softref_id`, `sorting`, `workspace`, `ref_table`, `ref_uid`, `ref_field`, `ref_hidden`, `ref_starttime`, `ref_endtime`, `ref_t3ver_state`, `ref_sorting`, `ref_string`) VALUES 
("0806d91d4e4e4faa45c533815c5f65f1","tt_content","1","media","0","0","2147483647","0","","","","0","0","sys_file_reference","7","","0","0","2147483647","0","0",""),
("0847c74b74fbb260323f5682cce52d89","tt_content","10","image","1","0","2147483647","0","","","","2","0","sys_file_reference","31","","0","0","2147483647","0","0",""),
("0a8d529eb2cec199242acf393fa048e6","tt_content","11","image","1","0","2147483647","0","","","","0","0","sys_file_reference","28","","0","0","2147483647","0","0",""),
("0b1118bcb40a1d7f335cf26d35169989","sys_file_reference","32","uid_local","0","0","2147483647","0","","","","0","0","sys_file","3","","0","0","2147483647","0","0",""),
("0bc75fc48a18f1b7592b49955076fe97","sys_file","6","storage","0","0","2147483647","0","","","","0","0","sys_file_storage","1","","0","0","2147483647","0","0",""),
("0ca4250f32380400acfbd62c6af8fb29","tt_content","9","image","1","0","2147483647","0","","","","1","0","sys_file_reference","33","","0","0","2147483647","0","0",""),
("0db057eaad66642a7654bdea2998547b","tt_content","6","image","1","0","2147483647","0","","","","2","0","sys_file_reference","41","","0","0","2147483647","0","0",""),
("11a898a1eb2c826b1052875eace87446","sys_file_reference","14","uid_local","0","0","2147483647","0","","","","0","0","sys_file","3","","0","0","2147483647","0","0",""),
("1435343861399c1e166091b7dc0be755","sys_file","11","metadata","0","0","2147483647","0","","","","0","0","sys_file_metadata","11","","0","0","2147483647","0","0",""),
("15597f65d7df3a40d1e792514c91c69f","sys_file","10","storage","0","0","2147483647","0","","","","0","0","sys_file_storage","1","","0","0","2147483647","0","0",""),
("159ee5901f4001ac6363b9017b42674a","tt_content","16","image","1","0","2147483647","0","","","","0","0","sys_file_reference","17","","0","0","2147483647","0","0",""),
("177d366bc4c83fe3b477ce039bc1fff1","sys_file_reference","16","uid_local","0","0","2147483647","0","","","","0","0","sys_file","3","","0","0","2147483647","0","0",""),
("177f0f2186ef425a5b2de16bd54f0769","pages","14","shortcut","0","0","2147483647","0","","","","0","0","pages","1","","0","0","2147483647","0","0",""),
("180c51a966cdfcbed8dce32d34eb1d3a","sys_file_reference","13","uid_local","0","0","2147483647","0","","","","0","0","sys_file","3","","0","0","2147483647","0","0",""),
("1ba04aa94465945df1e4696ad9a513b3","tt_content","9","image","1","0","2147483647","0","","","","0","0","sys_file_reference","32","","0","0","2147483647","0","0",""),
("1c9b8784c1518ef7b22704c4fc698ca9","sys_file","2","storage","0","0","2147483647","0","","","","0","0","sys_file_storage","1","","0","0","2147483647","0","0",""),
("1d14a993fe7c44bff1ce5104b8a04776","sys_file_reference","23","uid_local","0","0","2147483647","0","","","","0","0","sys_file","3","","0","0","2147483647","0","0",""),
("1d99461080c478eff91a16c1062da055","sys_file_reference","8","uid_local","0","0","2147483647","0","","","","0","0","sys_file","2","","0","0","2147483647","0","0",""),
("1d9bf3e82f9d8f8460dfb6b7074ccc16","sys_file_reference","5","uid_local","0","0","2147483647","0","","","","0","0","sys_file","5","","0","0","2147483647","0","0",""),
("208c963e240998d535df2cba417824f6","tt_content","5","pi_flexform","1","0","2147483647","0","sDEF/lDEF/settings.persistenceIdentifier/vDEF/","formPersistenceIdentifier","d2e8df78b8697057c60ed3fa339d4569","0","0","sys_file","6","","0","0","2147483647","0","0",""),
("2284016a515b1738242edf9612b37865","sys_file_reference","47","uid_local","0","0","2147483647","0","","","","0","0","sys_file","1","","0","0","2147483647","0","0",""),
("24d47b29aa969cf4db8635e76dd1c386","sys_file","3","storage","0","0","2147483647","0","","","","0","0","sys_file_storage","1","","0","0","2147483647","0","0",""),
("28f31999906eeda059fc6f6dc300c18d","tt_content","21","image","0","0","2147483647","0","","","","0","0","sys_file_reference","11","","0","0","2147483647","0","0",""),
("28ff45567975afc87ebbebf65b638ec1","sys_file_reference","45","uid_local","0","0","2147483647","0","","","","0","0","sys_file","1","","0","0","2147483647","0","0",""),
("29d4c672fa4339675d0341f238a1b12a","sys_file_reference","17","uid_local","0","0","2147483647","0","","","","0","0","sys_file","3","","0","0","2147483647","0","0",""),
("29edaf0a03f1f3eb7ef5309a187464d7","tt_content","13","image","1","0","2147483647","0","","","","0","0","sys_file_reference","24","","0","0","2147483647","0","0",""),
("2a1980bca3084b6a38c42bb5a276b25d","tt_content","7","image","1","0","2147483647","0","","","","0","0","sys_file_reference","36","","0","0","2147483647","0","0",""),
("2c1d821452f2abb10b19a02fd2b8ea24","sys_file_reference","22","uid_local","0","0","2147483647","0","","","","0","0","sys_file","3","","0","0","2147483647","0","0",""),
("30da979a1d7521d7127b87b5ba84e0bc","tt_content","34","pi_flexform","0","0","2147483647","0","sDEF/lDEF/file2/vDEF/","","","0","0","sys_file_reference","46","","0","0","2147483647","0","0",""),
("37b47c1b1cd71ebb9a38f1b9f19d45e0","sys_file_reference","40","uid_local","0","0","2147483647","0","","","","0","0","sys_file","3","","0","0","2147483647","0","0",""),
("39433ea4a82060704109046e4828d3c8","sys_file","1","storage","0","0","2147483647","0","","","","0","0","sys_file_storage","1","","0","0","2147483647","0","0",""),
("3a645dae5aa023e72541049b4be2459c","tt_content","10","image","1","0","2147483647","0","","","","1","0","sys_file_reference","30","","0","0","2147483647","0","0",""),
("3a96f057d66fb95ed5c9bacf4a6ec77f","tt_content","33","pi_flexform","0","0","2147483647","0","sDEF/lDEF/link/vDEF/","typolink","aafd7e5bef04b5426bec057a9448da5b:0","-1","0","pages","1","","0","0","2147483647","0","0",""),
("3b66f768f08a744fade5efd5e1d7aa2a","sys_file_reference","12","uid_local","0","0","2147483647","0","","","","0","0","sys_file","3","","0","0","2147483647","0","0",""),
("3c04889d5e9dff80d8339dfbd508ab13","sys_file","10","metadata","0","0","2147483647","0","","","","0","0","sys_file_metadata","10","","0","0","2147483647","0","0",""),
("461bc98761204dbacb014fc7740fddc2","sys_file_reference","43","uid_local","0","0","2147483647","0","","","","0","0","sys_file","1","","0","0","2147483647","0","0",""),
("475e42dd7fb3a7cb36c3700cef456298","sys_file_reference","37","uid_local","0","0","2147483647","0","","","","0","0","sys_file","3","","0","0","2147483647","0","0",""),
("485828d7294cbca04e2bfac7f145b690","sys_file_reference","48","uid_local","0","0","2147483647","0","","","","0","0","sys_file","2","","0","0","2147483647","0","0",""),
("4ca72467b5c4872c2c4e9cb2a96fcb7d","sys_file_reference","18","uid_local","0","0","2147483647","0","","","","0","0","sys_file","3","","0","0","2147483647","0","0",""),
("5056d6471e210157cbb2c0f169188b74","tt_content","2","image","0","0","2147483647","0","","","","0","0","sys_file_reference","8","","0","0","2147483647","0","0",""),
("532eb9e41099c233dd387feb3bb238be","sys_file_reference","56","uid_local","0","0","2147483647","0","","","","0","0","sys_file","10","","0","0","2147483647","0","0",""),
("55ec842139062104c8c092d2a7ec045e","tt_content","16","image","1","0","2147483647","0","","","","1","0","sys_file_reference","18","","0","0","2147483647","0","0",""),
("5e2600d332808b3183b1c539b90682da","sys_file_reference","36","uid_local","0","0","2147483647","0","","","","0","0","sys_file","3","","0","0","2147483647","0","0",""),
("61705f1b2997c68b141771e3834f8a51","sys_file_reference","20","uid_local","0","0","2147483647","0","","","","0","0","sys_file","3","","0","0","2147483647","0","0",""),
("62ce357a872cbdcd959e93e0191c78d4","tt_content","18","image","1","0","2147483647","0","","","","2","0","sys_file_reference","15","","0","0","2147483647","0","0",""),
("634909be4b35ea0b78ccc8004ac67575","tt_content","14","image","1","0","2147483647","0","","","","1","0","sys_file_reference","22","","0","0","2147483647","0","0",""),
("636839f766109197f752d8b1fb13533c","sys_file_reference","25","uid_local","0","0","2147483647","0","","","","0","0","sys_file","3","","0","0","2147483647","0","0",""),
("6446376d8ed42a826abff60cc17ac213","tt_content","10","image","1","0","2147483647","0","","","","0","0","sys_file_reference","29","","0","0","2147483647","0","0",""),
("64e1ff9fcdb61a6bbd32d1e2d330b4ee","sys_file_reference","3","uid_local","0","0","2147483647","0","","","","0","0","sys_file","5","","0","0","2147483647","0","0",""),
("67b90e6dccc1d6b9f30da2d36966db9b","sys_file_reference","11","uid_local","0","0","2147483647","0","","","","0","0","sys_file","3","","0","0","2147483647","0","0",""),
("692e129d0a6ae1105f43e3627f14e64d","sys_file","8","storage","0","0","2147483647","0","","","","0","0","sys_file_storage","1","","0","0","2147483647","0","0",""),
("6e473cdde6c01939a2238c485091b8f7","tt_content","34","pi_flexform","0","0","2147483647","0","sDEF/lDEF/image/vDEF/","","","0","0","sys_file_reference","48","","0","0","2147483647","0","0",""),
("6fa3e16ab89e713371654dbc04c806a4","tt_content","7","image","1","0","2147483647","0","","","","2","0","sys_file_reference","38","","0","0","2147483647","0","0",""),
("71366500f2460f14e0b11d44ea1c216a","tt_content","6","file2","1","0","2147483647","0","","","","0","0","sys_file_reference","49","","0","0","2147483647","0","0",""),
("71885f231631e39b155d14fac1b50305","sys_file","11","storage","0","0","2147483647","0","","","","0","0","sys_file_storage","1","","0","0","2147483647","0","0",""),
("75ceb26b22844646b1215ca24396b463","sys_file_reference","27","uid_local","0","0","2147483647","0","","","","0","0","sys_file","3","","0","0","2147483647","0","0",""),
("777ff0dd31b1293f0716575883b21f36","sys_file_reference","10","uid_local","0","0","2147483647","0","","","","0","0","sys_file","4","","0","0","2147483647","0","0",""),
("791d3f9d43dcbfa78cd49dd8258caa09","sys_file","5","storage","0","0","2147483647","0","","","","0","0","sys_file_storage","1","","0","0","2147483647","0","0",""),
("7eca909ca0cc71e37cd0b5effa8d36a1","sys_file_reference","30","uid_local","0","0","2147483647","0","","","","0","0","sys_file","3","","0","0","2147483647","0","0",""),
("81f2b72ac5c49223b96d86439c19eafb","tt_content","12","image","1","0","2147483647","0","","","","1","0","sys_file_reference","26","","0","0","2147483647","0","0",""),
("822a65ada40d3629e80870d060f528c3","tt_content","33","image","0","0","2147483647","0","","","","0","0","sys_file_reference","44","","0","0","2147483647","0","0",""),
("83e547bebf151c6d932f7bdc5487ef64","sys_file","9","storage","0","0","2147483647","0","","","","0","0","sys_file_storage","1","","0","0","2147483647","0","0",""),
("841c1e31c72d607e212ea6d55909a21b","sys_file_reference","38","uid_local","0","0","2147483647","0","","","","0","0","sys_file","3","","0","0","2147483647","0","0",""),
("852c3453a023a6029b29d319e58e9cc0","tt_content","7","image","1","0","2147483647","0","","","","1","0","sys_file_reference","37","","0","0","2147483647","0","0",""),
("8593515d8179b5efc4968e65e2d05c79","tt_content","19","image","1","0","2147483647","0","","","","0","0","sys_file_reference","12","","0","0","2147483647","0","0",""),
("867bc8f7c496ec4209bb8289a3f78520","tt_content","18","image","1","0","2147483647","0","","","","0","0","sys_file_reference","13","","0","0","2147483647","0","0",""),
("8729f32420172d7eb9fe7acdbc06f295","sys_file_reference","2","uid_local","0","0","2147483647","0","","","","0","0","sys_file","5","","0","0","2147483647","0","0",""),
("8987893411baca05f986dca0a4c38bd8","sys_file","5","metadata","0","0","2147483647","0","","","","0","0","sys_file_metadata","5","","0","0","2147483647","0","0",""),
("8bb744313ad8bcbbba38c7dbe9afa803","tt_content","9","image","1","0","2147483647","0","","","","2","0","sys_file_reference","34","","0","0","2147483647","0","0",""),
("93004573d1d006a130ef069b9f27b1f9","sys_file","7","storage","0","0","2147483647","0","","","","0","0","sys_file_storage","1","","0","0","2147483647","0","0",""),
("936e4121a29485786f2b2d10c672d2c0","sys_file_reference","19","uid_local","0","0","2147483647","0","","","","0","0","sys_file","3","","0","0","2147483647","0","0",""),
("957091e4d4d490a1a19a3e96af9e1f76","tt_content","1","image","0","0","2147483647","0","","","","0","0","sys_file_reference","2","","0","0","2147483647","0","0",""),
("974b4eeb2636063fad433568bc1c34e7","tt_content","34","image","0","0","2147483647","0","","","","0","0","sys_file_reference","48","","0","0","2147483647","0","0",""),
("9a0642a5af7d39190cc02110ad51d717","sys_file_reference","42","uid_local","0","0","2147483647","0","","","","0","0","sys_file","1","","0","0","2147483647","0","0",""),
("9c04f2df6e2fb638de41b9ae605b8b9d","tt_content","2","pi_flexform","0","0","2147483647","0","sDEF/lDEF/image/vDEF/","","","0","0","sys_file_reference","8","","0","0","2147483647","0","0",""),
("a2259e8f8676d990d03b620a365e2b6f","sys_file_reference","6","uid_local","0","0","2147483647","0","","","","0","0","sys_file","4","","0","0","2147483647","0","0",""),
("a2ca0e061d95583f54fc55b2ec2b6e1d","tt_content","12","image","1","0","2147483647","0","","","","0","0","sys_file_reference","25","","0","0","2147483647","0","0",""),
("a2d62edc2c13207024dab309894d2200","sys_file_reference","26","uid_local","0","0","2147483647","0","","","","0","0","sys_file","3","","0","0","2147483647","0","0",""),
("a2fab7a48522624abb58df05c4de391f","sys_file_reference","9","uid_local","0","0","2147483647","0","","","","0","0","sys_file","4","","0","0","2147483647","0","0",""),
("a337cd3ec6462d448c9089e04929653d","sys_file_reference","46","uid_local","0","0","2147483647","0","","","","0","0","sys_file","1","","0","0","2147483647","0","0",""),
("a3767e523dbb932a8ed281d8186a0c7c","tt_content","14","image","1","0","2147483647","0","","","","0","0","sys_file_reference","21","","0","0","2147483647","0","0",""),
("a4a87b8fca4fed75514db61ac858c020","tt_content","16","image","1","0","2147483647","0","","","","2","0","sys_file_reference","19","","0","0","2147483647","0","0",""),
("a5261590344393cc82d93f38a9aa8af4","sys_file_reference","28","uid_local","0","0","2147483647","0","","","","0","0","sys_file","3","","0","0","2147483647","0","0",""),
("a71a42634a2183cffd95521c0027cf8f","sys_file_reference","31","uid_local","0","0","2147483647","0","","","","0","0","sys_file","3","","0","0","2147483647","0","0",""),
("a87fb5bdca00693f5c7da29ddc912065","sys_file_reference","21","uid_local","0","0","2147483647","0","","","","0","0","sys_file","3","","0","0","2147483647","0","0",""),
("aa3c4d7e5b4443edaffe63faffffd0d0","tt_content","6","image","1","0","2147483647","0","","","","1","0","sys_file_reference","40","","0","0","2147483647","0","0",""),
("aa69566e83a1ab873fe38082571f5af2","tt_content","3","image","0","0","2147483647","0","","","","0","0","sys_file_reference","9","","0","0","2147483647","0","0",""),
("aee74ce60f46b931f730ec3b1055d2e6","sys_file_reference","35","uid_local","0","0","2147483647","0","","","","0","0","sys_file","3","","0","0","2147483647","0","0",""),
("b21b7ec8d16d281cf6d4a3ac4e6fbc9f","tt_content","1","pi_flexform","0","0","2147483647","0","sDEF/lDEF/file2/vDEF/","","","0","0","sys_file_reference","56","","0","0","2147483647","0","0",""),
("b30bdd2ff5e39de7502ed2028a010399","tt_content","33","pi_flexform","0","0","2147483647","0","sDEF/lDEF/image/vDEF/","","","0","0","sys_file_reference","44","","0","0","2147483647","0","0",""),
("b5d124ddf46cf7fa2194bf8e76b47104","pages","11","media","0","0","2147483647","0","","","","0","0","sys_file_reference","10","","0","0","2147483647","0","0",""),
("b6b397b236c182988ac8e9093402ae88","sys_file_reference","33","uid_local","0","0","2147483647","0","","","","0","0","sys_file","3","","0","0","2147483647","0","0",""),
("bab37143de5339e474516691bf0c5857","sys_file","4","storage","0","0","2147483647","0","","","","0","0","sys_file_storage","1","","0","0","2147483647","0","0",""),
("bbd47f5d653c0b75c2f2c64469703e16","tt_content","8","image","1","0","2147483647","0","","","","0","0","sys_file_reference","35","","0","0","2147483647","0","0",""),
("c25bcaec2c0b14ea9125b032ec4f2f8e","tt_content","15","image","1","0","2147483647","0","","","","0","0","sys_file_reference","20","","0","0","2147483647","0","0",""),
("c36a989e8ce4d68f5763437107f3df01","tt_content","14","image","1","0","2147483647","0","","","","2","0","sys_file_reference","23","","0","0","2147483647","0","0",""),
("c89411f5495ec91bc6e1aacfb85ccd4f","sys_file_reference","44","uid_local","0","0","2147483647","0","","","","0","0","sys_file","2","","0","0","2147483647","0","0",""),
("cebb15621be6bd795d37dd90dc331a7e","sys_file_reference","34","uid_local","0","0","2147483647","0","","","","0","0","sys_file","3","","0","0","2147483647","0","0",""),
("d6eed09b5256108010a76e75c4c035ac","tt_content","12","image","1","0","2147483647","0","","","","2","0","sys_file_reference","27","","0","0","2147483647","0","0",""),
("da9abf2ff4622eb22cccefe5cda5e05d","sys_file_reference","29","uid_local","0","0","2147483647","0","","","","0","0","sys_file","3","","0","0","2147483647","0","0","");
INSERT INTO `sys_refindex` (`hash`, `tablename`, `recuid`, `field`, `hidden`, `starttime`, `endtime`, `t3ver_state`, `flexpointer`, `softref_key`, `softref_id`, `sorting`, `workspace`, `ref_table`, `ref_uid`, `ref_field`, `ref_hidden`, `ref_starttime`, `ref_endtime`, `ref_t3ver_state`, `ref_sorting`, `ref_string`) VALUES 
("e2df80fe0421d1f35caed333481edce7","sys_file_reference","41","uid_local","0","0","2147483647","0","","","","0","0","sys_file","3","","0","0","2147483647","0","0",""),
("e389b9bb3a91df77748f9556afa5df57","sys_file_reference","57","uid_local","0","0","2147483647","0","","","","0","0","sys_file","11","","0","0","2147483647","0","0",""),
("e5f6d6055a4438074e802c20836d0908","tt_content","6","image","1","0","2147483647","0","","","","0","0","sys_file_reference","39","","0","0","2147483647","0","0",""),
("e64ece0a9e495cb65f38d0508b671900","sys_file_reference","24","uid_local","0","0","2147483647","0","","","","0","0","sys_file","3","","0","0","2147483647","0","0",""),
("e6d9d105ac6b4275bce3299ffe1089cb","tt_content","1","pi_flexform","0","0","2147483647","0","sDEF/lDEF/file2/vDEF/","","","1","0","sys_file_reference","57","","0","0","2147483647","0","0",""),
("e773fbd8395f8d6d6e52c99238a97f9b","tt_content","3","pi_flexform","0","0","2147483647","0","sDEF/lDEF/btnlink/vDEF/","typolink","21bacfa2da044192d456f0f1069b0e93:0","-1","0","pages","1","","0","0","2147483647","0","0",""),
("eb29ea531cd1f88bcb43d20e88b26796","tt_content","33","pi_flexform","0","0","2147483647","0","sDEF/lDEF/file2/vDEF/","","","0","0","sys_file_reference","42","","0","0","2147483647","0","0",""),
("ec01e9666331703a2215b40555f23bf6","sys_file","4","metadata","0","0","2147483647","0","","","","0","0","sys_file_metadata","4","","0","0","2147483647","0","0",""),
("ecd124d38ff7b8be6d876d95cb50331f","sys_file_reference","7","uid_local","0","0","2147483647","0","","","","0","0","sys_file","2","","0","0","2147483647","0","0",""),
("edd949fcee44c58971f1fa746ce25cc7","sys_file_reference","15","uid_local","0","0","2147483647","0","","","","0","0","sys_file","3","","0","0","2147483647","0","0",""),
("ee8b2c1841e37323d4a55869a534d667","tt_content","17","image","1","0","2147483647","0","","","","0","0","sys_file_reference","16","","0","0","2147483647","0","0",""),
("f2e1aac0c30597d24f51a7256226107f","sys_file_reference","39","uid_local","0","0","2147483647","0","","","","0","0","sys_file","3","","0","0","2147483647","0","0",""),
("f3059ab81183d058f22c3a726b0fb64c","sys_file_reference","49","uid_local","0","0","2147483647","0","","","","0","0","sys_file","1","","0","0","2147483647","0","0",""),
("f8b59591c9f0c90f80045c88a7938159","sys_file_reference","4","uid_local","0","0","2147483647","0","","","","0","0","sys_file","5","","0","0","2147483647","0","0",""),
("fc166775aff9973188abac7642b00ab4","tt_content","18","image","1","0","2147483647","0","","","","1","0","sys_file_reference","14","","0","0","2147483647","0","0","");

--
-- Dumping data for table `sys_registry` (rows: 18)
--

INSERT INTO `sys_registry` (`uid`, `entry_namespace`, `entry_key`, `entry_value`) VALUES 
("1","installUpdate","TYPO3\\CMS\\Install\\Updates\\FeeditExtractionUpdate","i:1;"),
("2","installUpdate","TYPO3\\CMS\\Install\\Updates\\TaskcenterExtractionUpdate","i:1;"),
("3","installUpdate","TYPO3\\CMS\\Install\\Updates\\SysActionExtractionUpdate","i:1;"),
("4","installUpdate","TYPO3\\CMS\\Install\\Updates\\SvgFilesSanitization","i:1;"),
("5","installUpdate","TYPO3\\CMS\\Install\\Updates\\ShortcutRecordsMigration","i:1;"),
("6","installUpdate","TYPO3\\CMS\\Install\\Updates\\CollectionsExtractionUpdate","i:1;"),
("7","installUpdate","TYPO3\\CMS\\Install\\Updates\\BackendUserLanguageMigration","i:1;"),
("8","installUpdate","TYPO3\\CMS\\Install\\Updates\\SysLogChannel","i:1;"),
("9","installUpdate","TYPO3\\CMS\\FrontendLogin\\Updates\\MigrateFeloginPlugins","i:1;"),
("10","installUpdateRows","rowUpdatersDone","a:5:{i:0;s:69:\"TYPO3\\CMS\\Install\\Updates\\RowUpdater\\WorkspaceVersionRecordsMigration\";i:1;s:66:\"TYPO3\\CMS\\Install\\Updates\\RowUpdater\\L18nDiffsourceToJsonMigration\";i:2;s:77:\"TYPO3\\CMS\\Install\\Updates\\RowUpdater\\WorkspaceMovePlaceholderRemovalMigration\";i:3;s:76:\"TYPO3\\CMS\\Install\\Updates\\RowUpdater\\WorkspaceNewPlaceholderRemovalMigration\";i:4;s:69:\"TYPO3\\CMS\\Install\\Updates\\RowUpdater\\SysRedirectRootPageMoveMigration\";}"),
("11","core","formProtectionSessionToken:1","s:64:\"3af9519c315662a9d8df41e6266dbb34583dcb781b4f0e78ac52d3f8571774d7\";"),
("16","siteConfigImport","ns_theme_newage","i:1;"),
("18","installUpdate","NITSAN\\NsThemeNewage\\Updates\\ContentBlockMigration","i:1;"),
("19","extensionDataImport","ns_basetheme:ext_tables_static+adt.sql","s:0:\"\";"),
("20","extensionDataImport","ns_theme_newage:Initialisation/Files","i:1;"),
("21","extensionDataImport","ns_theme_newage:ext_tables_static+adt.sql","s:16:\"0d22df32e0373963\";"),
("22","extensionDataImport","ns_theme_newage:Initialisation/dataImported","i:1;"),
("23","installUpdate","TYPO3\\CMS\\Core\\Upgrades\\MigrateExtensionDataImportRegistryKeysUpdate","i:1;");

--
-- Dumping data for table `sys_template` (rows: 1)
--

INSERT INTO `sys_template` (`uid`, `pid`, `tstamp`, `crdate`, `deleted`, `hidden`, `starttime`, `endtime`, `sorting`, `description`, `tx_impexp_origuid`, `title`, `root`, `clear`, `constants`, `include_static_file`, `basedOn`, `includeStaticAfterBasedOn`, `config`, `static_file_mode`) VALUES 
("1","1","1688730346","1688730346","0","0","0","0","256","","1","T3 New Age","1","3","ns_basetheme.website.settings.main_menu = 9\nns_basetheme.website.settings.cookie.settings.url = 0\nns_basetheme.website.settings.cookie.settings.dismissOnScroll = 0\nns_basetheme.website.settings.cookie.settings.palette.button.background = #B81839\nns_basetheme.website.settings.cookie.settings.palette.button.text = #FFFFFF\nns_basetheme.website.settings.cookie.settings.palette.popup.background = #BA0000\nns_basetheme.website.settings.cookie.settings.palette.popup.text = #FFFFFF\nns_basetheme.website.settings.logo = fileadmin/ns_theme_newage/T3-new-age-logo.svg\nns_basetheme.website.settings.copyright = T3Terminal | NITSAN Technologies Pvt Ltd\nns_basetheme.website.settings.googleanalytics = UA-149033211-2\nns_basetheme.website.settings.no_cache = 0\nns_basetheme.website.settings.compress_cssjs = 1\nns_basetheme.website.settings.footer_menu = 4\nns_basetheme.website.settings.favicon = fileadmin/ns_theme_newage/favicon.ico\nns_basetheme.website.settings.logo_width = 120px\nns_basetheme.website.settings.logo_height = 50px\nns_basetheme.website.settings.logo_text = \nns_basetheme.website.settings.back_to_top = 0\nns_basetheme.website.settings.cookie.settings.type = opt-out","EXT:fluid_styled_content/Configuration/TypoScript/,EXT:form/Configuration/TypoScript/,EXT:ns_basetheme/Configuration/TypoScript,EXT:ns_theme_newage/Configuration/TypoScript,EXT:seo/Configuration/TypoScript/XmlSitemap","","0","","0");

--
-- Dumping data for table `tt_content` (rows: 18)
--

INSERT INTO `tt_content` (`uid`, `pid`, `tstamp`, `crdate`, `deleted`, `hidden`, `starttime`, `endtime`, `fe_group`, `sorting`, `rowDescription`, `editlock`, `sys_language_uid`, `l18n_parent`, `l10n_source`, `l10n_state`, `l18n_diffsource`, `t3ver_oid`, `t3ver_wsid`, `t3ver_state`, `t3ver_stage`, `frame_class`, `colPos`, `table_caption`, `tx_impexp_origuid`, `CType`, `categories`, `layout`, `space_before_class`, `space_after_class`, `date`, `header`, `header_layout`, `header_position`, `header_link`, `subheader`, `bodytext`, `image`, `assets`, `imagewidth`, `imageheight`, `imageorient`, `imageborder`, `image_zoom`, `imagecols`, `pages`, `recursive`, `media`, `records`, `sectionIndex`, `linkToTop`, `pi_flexform`, `selected_categories`, `category_field`, `bullets_type`, `cols`, `table_class`, `table_delimiter`, `table_enclosure`, `table_header_position`, `table_tfoot`, `file_collections`, `filelink_size`, `filelink_sorting`, `filelink_sorting_direction`, `target`, `uploads_description`, `uploads_type`, `headline`, `subHeadline`, `btntxt`, `btnlink`, `text`, `file2`, `btn_text`, `link`, `contact_feature`, `beforeText`, `iconInText`, `afterText`, `contact`, `tx_themecamino_list_elements`, `tx_themecamino_link`, `tx_themecamino_link_label`, `tx_themecamino_link_icon`, `tx_themecamino_header_style`, `tx_themecamino_link_config`) VALUES 
("1","13","1688740844","1688730346","0","0","0","0","","256","","0","0","0","0","","{\"CType\":\"\",\"colPos\":\"\",\"pi_flexform\":\"\",\"space_before_class\":\"\",\"space_after_class\":\"\",\"sys_language_uid\":\"\",\"starttime\":\"\",\"endtime\":\"\",\"fe_group\":\"\",\"editlock\":\"\"}","0","0","0","0","default","0","","1","nitsan_nsourapp","0","0","","","0","","0","","","","","1","0",NULL,NULL,"0","0","0","2","","0","1","","1","0","<?xml version=\"1.0\" encoding=\"utf-8\" standalone=\"yes\" ?>\n<T3FlexForms>\n    <data>\n        <sheet index=\"sDEF\">\n            <language index=\"lDEF\">\n                <field index=\"text\">\n                    <value index=\"vDEF\">&lt;h2 class=&quot;section-heading&quot;&gt;Discover what all the buzz is about!&lt;/h2&gt;\n&lt;p&gt;Our app is available on any mobile device! Download now to get started!&lt;/p&gt;</value>\n                </field>\n                <field index=\"image1\">\n                    <value index=\"vDEF\">1</value>\n                </field>\n                <field index=\"link1\">\n                    <value index=\"vDEF\">#download</value>\n                </field>\n                <field index=\"image2\">\n                    <value index=\"vDEF\">1</value>\n                </field>\n                <field index=\"link2\">\n                    <value index=\"vDEF\">#download</value>\n                </field>\n                <field index=\"file2\">\n                    <value index=\"vDEF\">2</value>\n                </field>\n                <field index=\"file3\">\n                    <value index=\"vDEF\">1</value>\n                </field>\n            </language>\n        </sheet>\n    </data>\n</T3FlexForms>","0","","0","0","","124","0","0","0","","0","","","","0","0","","","","","<h2 class=\"section-heading\">Discover what all the buzz is about!</h2>\n<p>Our app is available on any mobile device! Download now to get started!</p>","2","","","0","","","","0","0","","","","0",""),
("2","12","1688730346","1688730346","0","0","0","0","","256","","0","0","0","0","","{\"pi_flexform\":\"\"}","0","0","0","0","default","0","","2","nitsan_nsfeature","0","0","medium","medium","0","Unlimited Features, Unlimited Fun","0","","","Check out what you can do with this app template!","","1","0",NULL,NULL,"0","0","0","2","","0","0","","1","0","<?xml version=\"1.0\" encoding=\"utf-8\" standalone=\"yes\" ?>\n<T3FlexForms>\n    <data>\n        <sheet index=\"sDEF\">\n            <language index=\"lDEF\">\n                <field index=\"headline\">\n                    <value index=\"vDEF\">Unlimited Features, Unlimited Fun</value>\n                </field>\n                <field index=\"subheadline\">\n                    <value index=\"vDEF\">Check out what you can do with this app template!</value>\n                </field>\n                <field index=\"image\">\n                    <value index=\"vDEF\">1</value>\n                </field>\n                <field index=\"iconInText\">\n                    <value index=\"vDEF\"></value>\n                </field>\n                <field index=\"contact\">\n                    <el index=\"el\">\n                        <field index=\"61b9bf5393756279278005\">\n                            <value index=\"container\">\n                                <el>\n                                    <field index=\"title\">\n                                        <value index=\"vDEF\">Device Mockups</value>\n                                    </field>\n                                    <field index=\"text\">\n                                        <value index=\"vDEF\">Put an image, video, animation, or anything else in the screen!</value>\n                                    </field>\n                                    <field index=\"socialIcon\">\n                                        <value index=\"vDEF\">icon-screen-smartphone</value>\n                                    </field>\n                                </el>\n                            </value>\n                            <value index=\"_TOGGLE\">1</value>\n                        </field>\n                        <field index=\"61b9bf69e1066937372969\">\n                            <value index=\"container\">\n                                <el>\n                                    <field index=\"title\">\n                                        <value index=\"vDEF\">Flexible Use</value>\n                                    </field>\n                                    <field index=\"text\">\n                                        <value index=\"vDEF\">This template is built with latest standards &amp; is compatible with TYPO3 v10!</value>\n                                    </field>\n                                    <field index=\"socialIcon\">\n                                        <value index=\"vDEF\">icon-camera</value>\n                                    </field>\n                                </el>\n                            </value>\n                            <value index=\"_TOGGLE\">1</value>\n                        </field>\n                        <field index=\"61b9bf711d427360543976\">\n                            <value index=\"container\">\n                                <el>\n                                    <field index=\"title\">\n                                        <value index=\"vDEF\">Compatible</value>\n                                    </field>\n                                    <field index=\"text\">\n                                        <value index=\"vDEF\">Ready to use device mockups, no more Photoshop is required!</value>\n                                    </field>\n                                    <field index=\"socialIcon\">\n                                        <value index=\"vDEF\">icon-present</value>\n                                    </field>\n                                </el>\n                            </value>\n                            <value index=\"_TOGGLE\">1</value>\n                        </field>\n                        <field index=\"61b9bf77979c4791159326\">\n                            <value index=\"container\">\n                                <el>\n                                    <field index=\"title\">\n                                        <value index=\"vDEF\">Open Source</value>\n                                    </field>\n                                    <field index=\"text\">\n                                        <value index=\"vDEF\">Since this theme is Free Community licensed, you can use it commercially!</value>\n                                    </field>\n                                    <field index=\"socialIcon\">\n                                        <value index=\"vDEF\">icon-lock-open</value>\n                                    </field>\n                                </el>\n                            </value>\n                            <value index=\"_TOGGLE\">1</value>\n                        </field>\n                    </el>\n                </field>\n            </language>\n        </sheet>\n    </data>\n</T3FlexForms>","0","","0","0","","124","0","0","0","","0","","","","0","0","","","","",NULL,"1","","","4","","","","0","0","","","","0",""),
("3","11","1688730346","1688730346","0","0","0","0","","256","","0","0","0","0","","{\"pi_flexform\":\"\"}","0","0","0","0","default","0","","3","nitsan_nscta","0","0","","","0","","0","","","","","1","0",NULL,NULL,"0","0","0","2","","0","0","","1","0","<?xml version=\"1.0\" encoding=\"utf-8\" standalone=\"yes\" ?>\n<T3FlexForms>\n    <data>\n        <sheet index=\"sDEF\">\n            <language index=\"lDEF\">\n                <field index=\"headline\">\n                    <value index=\"vDEF\">Stop waiting.</value>\n                </field>\n                <field index=\"image\">\n                    <value index=\"vDEF\">1</value>\n                </field>\n                <field index=\"btntxt\">\n                    <value index=\"vDEF\">Let\'s Get Started!</value>\n                </field>\n                <field index=\"btnlink\">\n                    <value index=\"vDEF\">1</value>\n                </field>\n                <field index=\"subHeadline\">\n                    <value index=\"vDEF\">Start building.</value>\n                </field>\n            </language>\n        </sheet>\n    </data>\n</T3FlexForms>","0","","0","0","","124","0","0","0","","0","","","","0","0","Stop waiting.","Start building.","Let\'s Get Started!","1",NULL,"0","","","0","","","","0","0","","","","0",""),
("4","10","1688730346","1688730346","0","0","0","0","","256","","0","0","0","0","","{\"pi_flexform\":\"\"}","0","0","0","0","default","0","","4","nitsan_nscontact","0","0","","","0","","0","","","","","0","0",NULL,NULL,"0","0","0","2","","0","0","","1","0","<?xml version=\"1.0\" encoding=\"utf-8\" standalone=\"yes\" ?>\n<T3FlexForms>\n    <data>\n        <sheet index=\"sDEF\">\n            <language index=\"lDEF\">\n                <field index=\"beforeText\">\n                    <value index=\"vDEF\">We</value>\n                </field>\n                <field index=\"iconInText\">\n                    <value index=\"vDEF\">fa-heart</value>\n                </field>\n                <field index=\"afterText\">\n                    <value index=\"vDEF\">new friends!</value>\n                </field>\n                <field index=\"contact\">\n                    <el index=\"el\">\n                        <field index=\"5e0c7af52ef41090716468\">\n                            <value index=\"container\">\n                                <el>\n                                    <field index=\"socialIcon\">\n                                        <value index=\"vDEF\">fab fa-twitter</value>\n                                    </field>\n                                    <field index=\"socialLink\">\n                                        <value index=\"vDEF\">http://twitter.com</value>\n                                    </field>\n                                    <field index=\"SocialBgColor\">\n                                        <value index=\"vDEF\">#2293d4</value>\n                                    </field>\n                                </el>\n                            </value>\n                            <value index=\"_TOGGLE\">1</value>\n                        </field>\n                        <field index=\"5e0c7b0a1245c610019112\">\n                            <value index=\"container\">\n                                <el>\n                                    <field index=\"socialIcon\">\n                                        <value index=\"vDEF\">fab fa-facebook-f</value>\n                                    </field>\n                                    <field index=\"socialLink\">\n                                        <value index=\"vDEF\">http://facebooc.com</value>\n                                    </field>\n                                    <field index=\"SocialBgColor\">\n                                        <value index=\"vDEF\">#0d69e0</value>\n                                    </field>\n                                </el>\n                            </value>\n                            <value index=\"_TOGGLE\">1</value>\n                        </field>\n                        <field index=\"5e0c7b1355e2b263233159\">\n                            <value index=\"container\">\n                                <el>\n                                    <field index=\"socialIcon\">\n                                        <value index=\"vDEF\">fab fa-instagram</value>\n                                    </field>\n                                    <field index=\"socialLink\">\n                                        <value index=\"vDEF\">http://instagram.com</value>\n                                    </field>\n                                    <field index=\"SocialBgColor\">\n                                        <value index=\"vDEF\">#ad1313</value>\n                                    </field>\n                                </el>\n                            </value>\n                            <value index=\"_TOGGLE\">1</value>\n                        </field>\n                    </el>\n                </field>\n            </language>\n        </sheet>\n    </data>\n</T3FlexForms>","0","","0","0","","124","0","0","0","","0","","","","0","0","","","","",NULL,"0","","","0","We","fa-heart","new friends!","3","0","","","","0",""),
("21","8","1773992239","1688730346","0","0","0","0","","516","","0","0","0","0","","{\"hidden\":\"\"}","0","0","0","0","default","0","","21","image","0","0","","","0","Headline","0","","","","","1","0",NULL,NULL,"0","0","0","2","","0","0","","1","0","","0","","0","0","","124","0","0","0","","0","","","","0","0","","","","",NULL,"0","","","0","","","","0","0","","","","0",""),
("22","8","1773991994","1688730346","0","0","0","0","","514","","0","0","0","0","","{\"hidden\":\"\"}","0","0","0","0","default","0","","22","text","0","0","","","0","","0","","","","<p>Lorem ipsum dolor sit amet, consetetur sadipscing elitr, sed diam nonumy eirmod tempor invidunt ut labore et dolore magna aliquyam erat, sed diam voluptua. At vero eos et accusam et justo duo dolores et ea rebum. Stet clita kasd gubergren, no sea takimata sanctus est Lorem ipsum dolor sit amet. Lorem ipsum dolor sit amet, consetetur sadipscing elitr, sed diam nonumy eirmod tempor invidunt ut labore et dolore magna aliquyam erat, sed diam voluptua. At vero eos et accusam et justo duo dolores et ea rebum. Stet clita kasd gubergren, no sea takimata sanctus est Lorem ipsum dolor sit amet.</p>\n<p><strong>the text is bold</strong></p>\n<p><em>the text is italic</em></p>\n<p><u>the text is underline</u></p>","0","0",NULL,NULL,"0","0","0","2","","0","0","","1","0","","0","","0","0","","124","0","0","0","","0","","","","0","0","","","","",NULL,"0","","","0","","","","0","0","","","","0",""),
("23","8","1773991988","1688730346","0","0","0","0","","513","","0","0","0","0","","{\"hidden\":\"\"}","0","0","0","0","default","0","","23","text","0","0","","","0","","0","","","","<ol>    <li>Nummer</li>    <li>       Nummer 	       <ol>          <li>Nummer</li>          <li>             Nummer 		             <ol>                <li>Nummer</li>                <li>Nummer Lorem ipsum dolor sit amet, consetetur sadipscing elitr, sed diam nonumy eirmod tempor invidunt ut labore et dolore magna aliquyam erat, sed diam voluptua. At vero eos et accusam et justo duo dolores et ea rebum. Stet clita kasd gubergren, no sea takimata sanctus est Lorem ipsum dolor sit amet. Lorem ipsum d</li>                <li>Nummer</li>                <li>                   Nummer 			                   <ol>                      <li>Nummer Lorem ipsum dolor sit amet, consetetur sadipscing elitr, sed diam nonumy eirmod tempor invidunt ut labore et dolore magna aliquyam erat, sed diam voluptua. At vero eos et accusam et justo duo dolores et ea rebum. Stet clita kasd gubergren, no sea takimata sanctus est Lorem ipsum dolor sit amet. Lorem ipsum d</li>                      <li>Nummer</li>                   </ol>                </li>                <li>Nummer</li>             </ol>          </li>          <li>Nummer</li>       </ol>    </li>    <li>Nummer</li>    <li>Nummer</li>    <li>Nummer</li> </ol>","0","0",NULL,NULL,"0","0","0","2","","0","0","","1","0","","0","","0","0","","124","0","0","0","","0","","","","0","0","","","","",NULL,"0","","","0","","","","0","0","","","","0",""),
("24","8","1773991985","1688730346","0","0","0","0","","512","","0","0","0","0","","{\"hidden\":\"\"}","0","0","0","0","default","0","","24","text","0","0","","","0","","0","","","","<ul>    <li>Point 1</li>    <li>       Points 2 	       <ul>          <li>             Lorem ipsum dolor sit amet, consetetur sadipscing elitr, sed diam nonumy eirmod tempor invidunt ut labore et dolore magna aliquyam erat, sed diam voluptua. At vero eos et accusam et justo duo dolores et ea rebum. Stet clita kasd gubergren, no sea takimata sanctus est Lorem ipsum dolor sit amet. Lorem ipsum d 		             <ul>                <li>                   Lorem ipsum dolor sit amet, consetetur sadipscing elitr, sed diam nonumy eirmod tempor invidunt ut labore et dolore magna aliquyam erat, sed diam voluptua. At vero eos et accusam et justo duo dolores et ea rebum. Stet clita kasd gubergren, no sea takimata sanctus est Lorem ipsum dolor sit amet. Lorem ipsum d 			                   <ul>                      <li>Lorem ipsum dolor sit amet, consetetur sadipscing elitr, sed diam nonumy eirmod tempor invidunt ut labore et dolore magna aliquyam erat, sed diam voluptua. At vero eos et accusam et justo duo dolores et ea rebum. Stet clita kasd gubergren, no sea takimata sanctus est Lorem ipsum dolor sit amet. Lorem ipsum d</li>                      <li>Lorem ipsum dolor sit amet, consetetur sadipscing elitr, sed diam nonumy eirmod tempor invidunt ut labore et dolore magna aliquyam erat, sed diam voluptua. At vero eos et accusam et justo duo dolores et ea rebum. Stet clita kasd gubergren, no sea takimata sanctus est Lorem ipsum dolor sit amet. Lorem ipsum d</li>                      <li>Lorem ipsum dolor sit amet, consetetur sadipscing elitr, sed diam nonumy eirmod tempor invidunt ut labore et dolore magna aliquyam erat, sed diam voluptua. At vero eos et accusam et justo duo dolores et ea rebum. Stet clita kasd gubergren, no sea takimata sanctus est Lorem ipsum dolor sit amet. Lorem ipsum d</li>                      <li>                         Lorem ipsum dolor sit amet, consetetur sadipscing elitr, sed diam nonumy eirmod tempor invidunt ut labore et dolore magna aliquyam erat, sed diam voluptua. At vero eos et accusam et justo duo dolores et ea rebum. Stet clita kasd gubergren, no sea takimata sanctus est Lorem ipsum dolor sit amet. Lorem ipsum d 				                         <ul>                            <li>Lorem ipsum dolor sit amet, consetetur sadipscing elitr, sed diam nonumy eirmod tempor invidunt ut labore et dolore magna aliquyam erat, sed diam voluptua. At vero eos et accusam et justo duo dolores et ea rebum. Stet clita kasd gubergren, no sea takimata sanctus est Lorem ipsum dolor sit amet. Lorem ipsum d</li>                            <li>Lorem ipsum dolor sit amet, consetetur sadipscing elitr, sed diam nonumy eirmod tempor invidunt ut labore et dolore magna aliquyam erat, sed diam voluptua. At vero eos et accusam et justo duo dolores et ea rebum. Stet clita kasd gubergren, no sea takimata sanctus est Lorem ipsum dolor sit amet. Lorem ipsum d</li>                         </ul>                      </li>                      <li>Lorem ipsum dolor sit amet, consetetur sadipscing elitr, sed diam nonumy eirmod tempor invidunt ut labore et dolore magna aliquyam erat, sed diam voluptua. At vero eos et accusam et justo duo dolores et ea rebum. Stet clita kasd gubergren, no sea takimata sanctus est Lorem ipsum dolor sit amet. Lorem ipsum d</li>                   </ul>                </li>                <li>Lorem ipsum dolor sit amet, consetetur sadipscing elitr, sed diam nonumy eirmod tempor invidunt ut labore et dolore magna aliquyam erat, sed diam voluptua. At vero eos et accusam et justo duo dolores et ea rebum. Stet clita kasd gubergren, no sea takimata sanctus est Lorem ipsum dolor sit amet. Lorem ipsum d</li>                <li>Lorem ipsum dolor sit amet, consetetur sadipscing elitr, sed diam nonumy eirmod tempor invidunt ut labore et dolore magna aliquyam erat, sed diam voluptua. At vero eos et accusam et justo duo dolores et ea rebum. Stet clita kasd gubergren, no sea takimata sanctus est Lorem ipsum dolor sit amet. Lorem ipsum d</li>                <li>Lorem ipsum dolor sit amet, consetetur sadipscing elitr, sed diam nonumy eirmod tempor invidunt ut labore et dolore magna aliquyam erat, sed diam voluptua. At vero eos et accusam et justo duo dolores et ea rebum. Stet clita kasd gubergren, no sea takimata sanctus est Lorem ipsum dolor sit amet. Lorem ipsum d</li>                <li>Lorem ipsum dolor sit amet, consetetur sadipscing elitr, sed diam nonumy eirmod tempor invidunt ut labore et dolore magna aliquyam erat, sed diam voluptua. At vero eos et accusam et justo duo dolores et ea rebum. Stet clita kasd gubergren, no sea takimata sanctus est Lorem ipsum dolor sit amet. Lorem ipsum d</li>             </ul>          </li>       </ul>    </li> </ul>","0","0",NULL,NULL,"0","0","0","2","","0","0","","1","0","","0","","0","0","","124","0","0","0","","0","","","","0","0","","","","",NULL,"0","","","0","","","","0","0","","","","0",""),
("25","8","1773991976","1688730346","0","0","0","0","","256","","0","0","0","0","","{\"hidden\":\"\"}","0","0","0","0","default","0","","25","text","0","0","","","0","","0","","","","<h1>Headline 1</h1>\n<h2>Headline 2</h2>\n<h3>Headline 3</h3>\n<h4>Headline 4</h4>\n<h5>Headline 5</h5>\n<h6>Headline 6</h6>","0","0",NULL,NULL,"0","0","0","2","","0","0","","1","0","","0","","0","0","","124","0","0","0","","0","","","","0","0","","","","",NULL,"0","","","0","","","","0","0","","","","0",""),
("26","8","1773991974","1688730346","0","0","0","0","","128","","0","0","0","0","","{\"hidden\":\"\"}","0","0","0","0","default","0","","26","text","0","0","large","small","0","","0","","","","<h1><strong>CMS Page</strong></h1>","0","0",NULL,NULL,"0","0","0","2","","0","0","","1","0","","0","","0","0","","124","0","0","0","","0","","","","0","0","","","","",NULL,"0","","","0","","","","0","0","","","","0",""),
("27","7","1688730346","1688730346","0","0","0","0","","256","","0","0","0","0","","a:23:{s:5:\"CType\";N;s:6:\"colPos\";N;s:6:\"header\";N;s:13:\"header_layout\";N;s:15:\"header_position\";N;s:4:\"date\";N;s:11:\"header_link\";N;s:9:\"subheader\";N;s:8:\"bodytext\";N;s:6:\"layout\";N;s:11:\"frame_class\";N;s:18:\"space_before_class\";N;s:17:\"space_after_class\";N;s:12:\"sectionIndex\";N;s:9:\"linkToTop\";N;s:16:\"sys_language_uid\";N;s:6:\"hidden\";N;s:9:\"starttime\";N;s:7:\"endtime\";N;s:8:\"fe_group\";N;s:8:\"editlock\";N;s:10:\"categories\";N;s:14:\"rowDescription\";N;}","0","0","0","0","default","0","","27","text","0","0","","large","0","","0","","","","<h3><strong>What is Lorem Ipsum?</strong></h3>\n<p><strong>Lorem Ipsum</strong>&nbsp;is simply dummy text of the printing and typesetting industry. Lorem Ipsum has been the industry\'s standard dummy text ever since the 1500s, when an unknown printer took a galley of type and scrambled it to make a type specimen book. It has survived not only five centuries, but also the leap into electronic typesetting, remaining essentially unchanged. It was popularised in the 1960s with the release of Letraset sheets containing Lorem Ipsum passages, and more recently with desktop publishing software like Aldus PageMaker including versions of Lorem Ipsum.</p>\n\n<h3><strong>What is Lorem Ipsum?</strong></h3>\n<p><strong>Lorem Ipsum</strong>&nbsp;is simply dummy text of the printing and typesetting industry. Lorem Ipsum has been the industry\'s standard dummy text ever since the 1500s, when an unknown printer took a galley of type and scrambled it to make a type specimen book. It has survived not only five centuries, but also the leap into electronic typesetting, remaining essentially unchanged. It was popularised in the 1960s with the release of Letraset sheets containing Lorem Ipsum passages, and more recently with desktop publishing software like Aldus PageMaker including versions of Lorem Ipsum</p>\n\n<h3><strong>What is Lorem Ipsum?</strong></h3>\n<p><strong>Lorem Ipsum</strong>&nbsp;is simply dummy text of the printing and typesetting industry. Lorem Ipsum has been the industry\'s standard dummy text ever since the 1500s, when an unknown printer took a galley of type and scrambled it to make a type specimen book. It has survived not only five centuries, but also the leap into electronic typesetting, remaining essentially unchanged. It was popularised in the 1960s with the release of Letraset sheets containing Lorem Ipsum passages, and more recently with desktop publishing software like Aldus PageMaker including versions of Lorem Ipsum</p>","0","0",NULL,NULL,"0","0","0","2","","0","0","","1","0","","0","","0","0","","124","0","0","0","","0","","","","0","0","","","","",NULL,"0","","","0","","","","0","0","","","","0",""),
("28","7","1688730346","1688730346","0","0","0","0","","128","","0","0","0","0","","a:22:{s:5:\"CType\";N;s:6:\"colPos\";N;s:6:\"header\";N;s:13:\"header_layout\";N;s:15:\"header_position\";N;s:4:\"date\";N;s:11:\"header_link\";N;s:9:\"subheader\";N;s:6:\"layout\";N;s:11:\"frame_class\";N;s:18:\"space_before_class\";N;s:17:\"space_after_class\";N;s:12:\"sectionIndex\";N;s:9:\"linkToTop\";N;s:16:\"sys_language_uid\";N;s:6:\"hidden\";N;s:9:\"starttime\";N;s:7:\"endtime\";N;s:8:\"fe_group\";N;s:8:\"editlock\";N;s:10:\"categories\";N;s:14:\"rowDescription\";N;}","0","0","0","0","default","0","","28","header","0","0","large","medium","0","Privacy","0","","","","","0","0",NULL,NULL,"0","0","0","2","","0","0","","1","0","","0","","0","0","","124","0","0","0","","0","","","","0","0","","","","",NULL,"1","","","0","","","","0","0","","","","0",""),
("29","6","1688730346","1688730346","0","0","0","0","","256","","0","0","0","0","","a:23:{s:5:\"CType\";N;s:6:\"colPos\";N;s:6:\"header\";N;s:13:\"header_layout\";N;s:15:\"header_position\";N;s:4:\"date\";N;s:11:\"header_link\";N;s:9:\"subheader\";N;s:8:\"bodytext\";N;s:6:\"layout\";N;s:11:\"frame_class\";N;s:18:\"space_before_class\";N;s:17:\"space_after_class\";N;s:12:\"sectionIndex\";N;s:9:\"linkToTop\";N;s:16:\"sys_language_uid\";N;s:6:\"hidden\";N;s:9:\"starttime\";N;s:7:\"endtime\";N;s:8:\"fe_group\";N;s:8:\"editlock\";N;s:10:\"categories\";N;s:14:\"rowDescription\";N;}","0","0","0","0","default","0","","29","text","0","0","medium","large","0","","0","","","","<h3><strong>What is Lorem Ipsum?</strong></h3>\n<p><strong>Lorem Ipsum</strong>&nbsp;is simply dummy text of the printing and typesetting industry. Lorem Ipsum has been the industry\'s standard dummy text ever since the 1500s, when an unknown printer took a galley of type and scrambled it to make a type specimen book. It has survived not only five centuries, but also the leap into electronic typesetting, remaining essentially unchanged. It was popularised in the 1960s with the release of Letraset sheets containing Lorem Ipsum passages, and more recently with desktop publishing software like Aldus PageMaker including versions of Lorem Ipsum.</p>\n\n<h3><strong>What is Lorem Ipsum?</strong></h3>\n<p><strong>Lorem Ipsum</strong>&nbsp;is simply dummy text of the printing and typesetting industry. Lorem Ipsum has been the industry\'s standard dummy text ever since the 1500s, when an unknown printer took a galley of type and scrambled it to make a type specimen book. It has survived not only five centuries, but also the leap into electronic typesetting, remaining essentially unchanged. It was popularised in the 1960s with the release of Letraset sheets containing Lorem Ipsum passages, and more recently with desktop publishing software like Aldus PageMaker including versions of Lorem Ipsum</p>\n\n<h3><strong>What is Lorem Ipsum?</strong></h3>\n<p><strong>Lorem Ipsum</strong>&nbsp;is simply dummy text of the printing and typesetting industry. Lorem Ipsum has been the industry\'s standard dummy text ever since the 1500s, when an unknown printer took a galley of type and scrambled it to make a type specimen book. It has survived not only five centuries, but also the leap into electronic typesetting, remaining essentially unchanged. It was popularised in the 1960s with the release of Letraset sheets containing Lorem Ipsum passages, and more recently with desktop publishing software like Aldus PageMaker including versions of Lorem Ipsum</p>","0","0",NULL,NULL,"0","0","0","2","","0","0","","1","0","","0","","0","0","","124","0","0","0","","0","","","","0","0","","","","",NULL,"0","","","0","","","","0","0","","","","0",""),
("30","6","1688730346","1688730346","0","0","0","0","","128","","0","0","0","0","","a:22:{s:5:\"CType\";N;s:6:\"colPos\";N;s:6:\"header\";N;s:13:\"header_layout\";N;s:15:\"header_position\";N;s:4:\"date\";N;s:11:\"header_link\";N;s:9:\"subheader\";N;s:6:\"layout\";N;s:11:\"frame_class\";N;s:18:\"space_before_class\";N;s:17:\"space_after_class\";N;s:12:\"sectionIndex\";N;s:9:\"linkToTop\";N;s:16:\"sys_language_uid\";N;s:6:\"hidden\";N;s:9:\"starttime\";N;s:7:\"endtime\";N;s:8:\"fe_group\";N;s:8:\"editlock\";N;s:10:\"categories\";N;s:14:\"rowDescription\";N;}","0","0","0","0","default","0","","30","header","0","0","large","","0","Terms","0","","","","","0","0",NULL,NULL,"0","0","0","2","","0","0","","1","0","","0","","0","0","","124","0","0","0","","0","","","","0","0","","","","",NULL,"0","","","0","","","","0","0","","","","0",""),
("31","5","1688730346","1688730346","0","0","0","0","","256","","0","0","0","0","","a:23:{s:5:\"CType\";N;s:6:\"colPos\";N;s:6:\"header\";N;s:13:\"header_layout\";N;s:15:\"header_position\";N;s:4:\"date\";N;s:11:\"header_link\";N;s:9:\"subheader\";N;s:8:\"bodytext\";N;s:6:\"layout\";N;s:11:\"frame_class\";N;s:18:\"space_before_class\";N;s:17:\"space_after_class\";N;s:12:\"sectionIndex\";N;s:9:\"linkToTop\";N;s:16:\"sys_language_uid\";N;s:6:\"hidden\";N;s:9:\"starttime\";N;s:7:\"endtime\";N;s:8:\"fe_group\";N;s:8:\"editlock\";N;s:10:\"categories\";N;s:14:\"rowDescription\";N;}","0","0","0","0","default","0","","31","text","0","0","medium","large","0","","0","","","","<h3><strong>What is Lorem Ipsum?</strong></h3>\n<p><strong>Lorem Ipsum</strong>&nbsp;is simply dummy text of the printing and typesetting industry. Lorem Ipsum has been the industry\'s standard dummy text ever since the 1500s, when an unknown printer took a galley of type and scrambled it to make a type specimen book. It has survived not only five centuries, but also the leap into electronic typesetting, remaining essentially unchanged. It was popularised in the 1960s with the release of Letraset sheets containing Lorem Ipsum passages, and more recently with desktop publishing software like Aldus PageMaker including versions of Lorem Ipsum.</p>\n\n<h3><strong>What is Lorem Ipsum?</strong></h3>\n<p><strong>Lorem Ipsum</strong>&nbsp;is simply dummy text of the printing and typesetting industry. Lorem Ipsum has been the industry\'s standard dummy text ever since the 1500s, when an unknown printer took a galley of type and scrambled it to make a type specimen book. It has survived not only five centuries, but also the leap into electronic typesetting, remaining essentially unchanged. It was popularised in the 1960s with the release of Letraset sheets containing Lorem Ipsum passages, and more recently with desktop publishing software like Aldus PageMaker including versions of Lorem Ipsum</p>\n\n<h3><strong>What is Lorem Ipsum?</strong></h3>\n<p><strong>Lorem Ipsum</strong>&nbsp;is simply dummy text of the printing and typesetting industry. Lorem Ipsum has been the industry\'s standard dummy text ever since the 1500s, when an unknown printer took a galley of type and scrambled it to make a type specimen book. It has survived not only five centuries, but also the leap into electronic typesetting, remaining essentially unchanged. It was popularised in the 1960s with the release of Letraset sheets containing Lorem Ipsum passages, and more recently with desktop publishing software like Aldus PageMaker including versions of Lorem Ipsum</p>","0","0",NULL,NULL,"0","0","0","2","","0","0","","1","0","","0","","0","0","","124","0","0","0","","0","","","","0","0","","","","",NULL,"0","","","0","","","","0","0","","","","0",""),
("32","5","1688730346","1688730346","0","0","0","0","","128","","0","0","0","0","","a:22:{s:5:\"CType\";N;s:6:\"colPos\";N;s:6:\"header\";N;s:13:\"header_layout\";N;s:15:\"header_position\";N;s:4:\"date\";N;s:11:\"header_link\";N;s:9:\"subheader\";N;s:6:\"layout\";N;s:11:\"frame_class\";N;s:18:\"space_before_class\";N;s:17:\"space_after_class\";N;s:12:\"sectionIndex\";N;s:9:\"linkToTop\";N;s:16:\"sys_language_uid\";N;s:6:\"hidden\";N;s:9:\"starttime\";N;s:7:\"endtime\";N;s:8:\"fe_group\";N;s:8:\"editlock\";N;s:10:\"categories\";N;s:14:\"rowDescription\";N;}","0","0","0","0","default","0","","32","header","0","0","large","","0","FAQ","0","","","","","0","0",NULL,NULL,"0","0","0","2","","0","0","","1","0","","0","","0","0","","124","0","0","0","","0","","","","0","0","","","","",NULL,"0","","","0","","","","0","0","","","","0",""),
("33","3","1688740922","1688730346","0","0","0","0","","256","","0","0","0","0","","{\"CType\":\"\",\"colPos\":\"\",\"pi_flexform\":\"\",\"space_before_class\":\"\",\"space_after_class\":\"\",\"sys_language_uid\":\"\",\"starttime\":\"\",\"endtime\":\"\",\"fe_group\":\"\",\"editlock\":\"\"}","0","0","0","0","default","0","","33","nitsan_nsheader","0","0","","","0","","0","","","","","1","0",NULL,NULL,"0","0","0","2","","0","0","","1","0","<?xml version=\"1.0\" encoding=\"utf-8\" standalone=\"yes\" ?>\n<T3FlexForms>\n    <data>\n        <sheet index=\"sDEF\">\n            <language index=\"lDEF\">\n                <field index=\"text\">\n                    <value index=\"vDEF\">The Page you are looking for is not available.</value>\n                </field>\n                <field index=\"image\">\n                    <value index=\"vDEF\">1</value>\n                </field>\n                <field index=\"btnText\">\n                    <value index=\"vDEF\">Back To Home Page</value>\n                </field>\n                <field index=\"link\">\n                    <value index=\"vDEF\">1</value>\n                </field>\n                <field index=\"file2\">\n                    <value index=\"vDEF\">1</value>\n                </field>\n            </language>\n        </sheet>\n    </data>\n</T3FlexForms>","0","","0","0","","124","0","0","0","","0","","","","0","0","","","","","The Page you are looking for is not available.","1","","1","0","","","","0","0","","","","0",""),
("34","1","1688730346","1688730346","0","0","0","0","","256","","0","0","0","0","","{\"pi_flexform\":\"\"}","0","0","0","0","default","0","","34","nitsan_nsheader","0","0","","","0","","0","","","","","1","0",NULL,NULL,"0","0","0","2","","0","0","","1","0","<?xml version=\"1.0\" encoding=\"utf-8\" standalone=\"yes\" ?>\n<T3FlexForms>\n    <data>\n        <sheet index=\"sDEF\">\n            <language index=\"lDEF\">\n                <field index=\"text\">\n                    <value index=\"vDEF\">New Age is an app landing page that will help you beautifully showcase your new mobile app, or anything else!</value>\n                </field>\n                <field index=\"image\">\n                    <value index=\"vDEF\">1</value>\n                </field>\n                <field index=\"btnText\">\n                    <value index=\"vDEF\">Start Now for Free!</value>\n                </field>\n                <field index=\"link\">\n                    <value index=\"vDEF\">#download</value>\n                </field>\n                <field index=\"file2\">\n                    <value index=\"vDEF\">1</value>\n                </field>\n            </language>\n        </sheet>\n    </data>\n</T3FlexForms>","0","","0","0","","124","0","0","0","","0","","","","0","0","","","","","New Age is an app landing page that will help you beautifully showcase your new mobile app, or anything else!","1","","#download","0","","","","0","0","","","","0","");

--
-- Dumping data for table `contact` (rows: 17)
--

INSERT INTO `contact` (`uid`, `pid`, `tstamp`, `crdate`, `deleted`, `hidden`, `starttime`, `endtime`, `fe_group`, `sorting`, `editlock`, `sys_language_uid`, `l10n_parent`, `l10n_source`, `l10n_state`, `l10n_diffsource`, `foreign_table_parent_uid`, `socialIcon`, `socialLink`, `SocialBgColor`, `t3ver_oid`, `t3ver_wsid`, `t3ver_state`, `t3ver_stage`) VALUES 
("1","1","1759470906","0","1","0","0","0","0","512","0","0","0","0",NULL,NULL,"1","fab fa-facebook-f","google.com","#ff0000","0","0","0","0"),
("2","1","1759470880","1759470775","1","0","0","0","","1","0","0","0","0",NULL,"","7","","sdfg","#ff0000","0","0","0","0"),
("3","10","0","0","0","0","0","0","0","0","0","0","0","0",NULL,NULL,"4","fab fa-instagram","http://instagram.com","#ad1313","0","0","0","0"),
("4","10","0","0","0","0","0","0","0","0","0","0","0","0",NULL,NULL,"4","fab fa-facebook-f","http://facebooc.com","#0d69e0","0","0","0","0"),
("5","10","0","0","0","0","0","0","0","0","0","0","0","0",NULL,NULL,"4","fab fa-twitter","http://twitter.com","#2293d4","0","0","0","0"),
("6","10","0","0","0","0","0","0","0","0","0","0","0","0",NULL,NULL,"4","fab fa-instagram","http://instagram.com","#ad1313","0","0","0","0"),
("7","10","0","0","0","0","0","0","0","0","0","0","0","0",NULL,NULL,"4","fab fa-facebook-f","http://facebooc.com","#0d69e0","0","0","0","0"),
("8","10","0","0","0","0","0","0","0","0","0","0","0","0",NULL,NULL,"4","fab fa-twitter","http://twitter.com","#2293d4","0","0","0","0"),
("9","10","0","0","0","0","0","0","0","0","0","0","0","0",NULL,NULL,"4","fab fa-instagram","http://instagram.com","#ad1313","0","0","0","0"),
("10","10","0","0","0","0","0","0","0","0","0","0","0","0",NULL,NULL,"4","fab fa-facebook-f","http://facebooc.com","#0d69e0","0","0","0","0"),
("11","10","0","0","0","0","0","0","0","0","0","0","0","0",NULL,NULL,"4","fab fa-twitter","http://twitter.com","#2293d4","0","0","0","0"),
("12","10","0","0","0","0","0","0","0","0","0","0","0","0",NULL,NULL,"4","fab fa-instagram","http://instagram.com","#ad1313","0","0","0","0"),
("13","10","0","0","0","0","0","0","0","0","0","0","0","0",NULL,NULL,"4","fab fa-facebook-f","http://facebooc.com","#0d69e0","0","0","0","0"),
("14","10","0","0","0","0","0","0","0","0","0","0","0","0",NULL,NULL,"4","fab fa-twitter","http://twitter.com","#2293d4","0","0","0","0"),
("15","10","0","0","0","0","0","0","0","0","0","0","0","0",NULL,NULL,"4","fab fa-instagram","http://instagram.com","#ad1313","0","0","0","0"),
("16","10","0","0","0","0","0","0","0","0","0","0","0","0",NULL,NULL,"4","fab fa-facebook-f","http://facebooc.com","#0d69e0","0","0","0","0"),
("17","10","0","0","0","0","0","0","0","0","0","0","0","0",NULL,NULL,"4","fab fa-twitter","http://twitter.com","#2293d4","0","0","0","0");

--
-- Dumping data for table `contact_feature` (rows: 21)
--

INSERT INTO `contact_feature` (`uid`, `pid`, `tstamp`, `crdate`, `deleted`, `hidden`, `starttime`, `endtime`, `fe_group`, `sorting`, `editlock`, `sys_language_uid`, `l10n_parent`, `l10n_source`, `l10n_state`, `l10n_diffsource`, `foreign_table_parent_uid`, `socialIcon`, `title`, `text`, `t3ver_oid`, `t3ver_wsid`, `t3ver_state`, `t3ver_stage`) VALUES 
("1","1","1759400091","1759400091","0","0","0","0","","1","0","0","0","0",NULL,"","3","","custom cta sub title ","custom cta sub desc ","0","0","0","0"),
("2","12","0","0","0","0","0","0","0","0","0","0","0","0",NULL,NULL,"2","icon-lock-open","Open Source","Since this theme is Free Community licensed, you can use it commercially!","0","0","0","0"),
("3","12","0","0","0","0","0","0","0","0","0","0","0","0",NULL,NULL,"2","icon-present","Compatible","Ready to use device mockups, no more Photoshop is required!","0","0","0","0"),
("4","12","0","0","0","0","0","0","0","0","0","0","0","0",NULL,NULL,"2","icon-camera","Flexible Use","This template is built with latest standards & is compatible with TYPO3 v10!","0","0","0","0"),
("5","12","0","0","0","0","0","0","0","0","0","0","0","0",NULL,NULL,"2","icon-screen-smartphone","Device Mockups","Put an image, video, animation, or anything else in the screen!","0","0","0","0"),
("6","12","0","0","0","0","0","0","0","0","0","0","0","0",NULL,NULL,"2","icon-lock-open","Open Source","Since this theme is Free Community licensed, you can use it commercially!","0","0","0","0"),
("7","12","0","0","0","0","0","0","0","0","0","0","0","0",NULL,NULL,"2","icon-present","Compatible","Ready to use device mockups, no more Photoshop is required!","0","0","0","0"),
("8","12","0","0","0","0","0","0","0","0","0","0","0","0",NULL,NULL,"2","icon-camera","Flexible Use","This template is built with latest standards & is compatible with TYPO3 v10!","0","0","0","0"),
("9","12","0","0","0","0","0","0","0","0","0","0","0","0",NULL,NULL,"2","icon-screen-smartphone","Device Mockups","Put an image, video, animation, or anything else in the screen!","0","0","0","0"),
("10","12","0","0","0","0","0","0","0","0","0","0","0","0",NULL,NULL,"2","icon-lock-open","Open Source","Since this theme is Free Community licensed, you can use it commercially!","0","0","0","0"),
("11","12","0","0","0","0","0","0","0","0","0","0","0","0",NULL,NULL,"2","icon-present","Compatible","Ready to use device mockups, no more Photoshop is required!","0","0","0","0"),
("12","12","0","0","0","0","0","0","0","0","0","0","0","0",NULL,NULL,"2","icon-camera","Flexible Use","This template is built with latest standards & is compatible with TYPO3 v10!","0","0","0","0"),
("13","12","0","0","0","0","0","0","0","0","0","0","0","0",NULL,NULL,"2","icon-screen-smartphone","Device Mockups","Put an image, video, animation, or anything else in the screen!","0","0","0","0"),
("14","12","0","0","0","0","0","0","0","0","0","0","0","0",NULL,NULL,"2","icon-lock-open","Open Source","Since this theme is Free Community licensed, you can use it commercially!","0","0","0","0"),
("15","12","0","0","0","0","0","0","0","0","0","0","0","0",NULL,NULL,"2","icon-present","Compatible","Ready to use device mockups, no more Photoshop is required!","0","0","0","0"),
("16","12","0","0","0","0","0","0","0","0","0","0","0","0",NULL,NULL,"2","icon-camera","Flexible Use","This template is built with latest standards & is compatible with TYPO3 v10!","0","0","0","0"),
("17","12","0","0","0","0","0","0","0","0","0","0","0","0",NULL,NULL,"2","icon-screen-smartphone","Device Mockups","Put an image, video, animation, or anything else in the screen!","0","0","0","0"),
("18","12","0","0","0","0","0","0","0","0","0","0","0","0",NULL,NULL,"2","icon-lock-open","Open Source","Since this theme is Free Community licensed, you can use it commercially!","0","0","0","0"),
("19","12","0","0","0","0","0","0","0","0","0","0","0","0",NULL,NULL,"2","icon-present","Compatible","Ready to use device mockups, no more Photoshop is required!","0","0","0","0"),
("20","12","0","0","0","0","0","0","0","0","0","0","0","0",NULL,NULL,"2","icon-camera","Flexible Use","This template is built with latest standards & is compatible with TYPO3 v10!","0","0","0","0"),
("21","12","0","0","0","0","0","0","0","0","0","0","0","0",NULL,NULL,"2","icon-screen-smartphone","Device Mockups","Put an image, video, animation, or anything else in the screen!","0","0","0","0");

--
-- Post-import FAL counter synchronization
--
UPDATE `tt_content` tc
SET tc.`image` = (
  SELECT COUNT(*) FROM `sys_file_reference` r
  WHERE r.uid_foreign = tc.uid
    AND r.tablenames = 'tt_content'
    AND r.fieldname = 'image'
    AND r.deleted = 0
    AND r.hidden = 0
);
UPDATE `tt_content` tc
SET tc.`media` = (
  SELECT COUNT(*) FROM `sys_file_reference` r
  WHERE r.uid_foreign = tc.uid
    AND r.tablenames = 'tt_content'
    AND r.fieldname = 'media'
    AND r.deleted = 0
    AND r.hidden = 0
);
UPDATE `tt_content` tc
SET tc.`file2` = (
  SELECT COUNT(*) FROM `sys_file_reference` r
  WHERE r.uid_foreign = tc.uid
    AND r.tablenames = 'tt_content'
    AND r.fieldname = 'file2'
    AND r.deleted = 0
    AND r.hidden = 0
);

--
-- Fallback image references for ns_theme_newage content elements
--
INSERT INTO `sys_file_reference` (`pid`,`tstamp`,`crdate`,`deleted`,`hidden`,`sys_language_uid`,`l10n_parent`,`l10n_state`,`l10n_diffsource`,`t3ver_oid`,`t3ver_wsid`,`t3ver_state`,`t3ver_stage`,`uid_local`,`uid_foreign`,`tablenames`,`fieldname`,`sorting_foreign`,`title`,`description`,`alternative`,`link`,`crop`,`autoplay`)
SELECT tc.pid, UNIX_TIMESTAMP(), UNIX_TIMESTAMP(), 0, 0, 0, 0, '', '', 0, 0, 0, 0, sf.uid, tc.uid, 'tt_content', 'image', 1, '', '', '', '', '{\"default\":{\"cropArea\":{\"x\":0,\"y\":0,\"width\":1,\"height\":1},\"selectedRatio\":\"NaN\",\"focusArea\":null}}', 0
FROM `tt_content` tc
JOIN `sys_file` sf ON sf.identifier LIKE '%/mobile.png'
LEFT JOIN `sys_file_reference` r ON r.tablenames='tt_content' AND r.uid_foreign=tc.uid AND r.fieldname='image' AND r.deleted=0
WHERE tc.CType IN ('nitsan_nsheader','ns_header') AND r.uid IS NULL;
INSERT INTO `sys_file_reference` (`pid`,`tstamp`,`crdate`,`deleted`,`hidden`,`sys_language_uid`,`l10n_parent`,`l10n_state`,`l10n_diffsource`,`t3ver_oid`,`t3ver_wsid`,`t3ver_state`,`t3ver_stage`,`uid_local`,`uid_foreign`,`tablenames`,`fieldname`,`sorting_foreign`,`title`,`description`,`alternative`,`link`,`crop`,`autoplay`)
SELECT tc.pid, UNIX_TIMESTAMP(), UNIX_TIMESTAMP(), 0, 0, 0, 0, '', '', 0, 0, 0, 0, sf.uid, tc.uid, 'tt_content', 'file2', 1, '', '', '', '', '{\"default\":{\"cropArea\":{\"x\":0,\"y\":0,\"width\":1,\"height\":1},\"selectedRatio\":\"NaN\",\"focusArea\":null}}', 0
FROM `tt_content` tc
JOIN `sys_file` sf ON sf.identifier LIKE '%/age-banner.png'
LEFT JOIN `sys_file_reference` r ON r.tablenames='tt_content' AND r.uid_foreign=tc.uid AND r.fieldname='file2' AND r.deleted=0
WHERE tc.CType IN ('nitsan_nsheader','ns_header') AND r.uid IS NULL;
INSERT INTO `sys_file_reference` (`pid`,`tstamp`,`crdate`,`deleted`,`hidden`,`sys_language_uid`,`l10n_parent`,`l10n_state`,`l10n_diffsource`,`t3ver_oid`,`t3ver_wsid`,`t3ver_state`,`t3ver_stage`,`uid_local`,`uid_foreign`,`tablenames`,`fieldname`,`sorting_foreign`,`title`,`description`,`alternative`,`link`,`crop`,`autoplay`)
SELECT tc.pid, UNIX_TIMESTAMP(), UNIX_TIMESTAMP(), 0, 0, 0, 0, '', '', 0, 0, 0, 0, sf.uid, tc.uid, 'tt_content', 'image', 1, '', '', '', '', '{\"default\":{\"cropArea\":{\"x\":0,\"y\":0,\"width\":1,\"height\":1},\"selectedRatio\":\"NaN\",\"focusArea\":null}}', 0
FROM `tt_content` tc
JOIN `sys_file` sf ON sf.identifier LIKE '%/mobile.png'
LEFT JOIN `sys_file_reference` r ON r.tablenames='tt_content' AND r.uid_foreign=tc.uid AND r.fieldname='image' AND r.deleted=0
WHERE tc.CType IN ('nitsan_nsfeature','ns_feature') AND r.uid IS NULL;
INSERT INTO `sys_file_reference` (`pid`,`tstamp`,`crdate`,`deleted`,`hidden`,`sys_language_uid`,`l10n_parent`,`l10n_state`,`l10n_diffsource`,`t3ver_oid`,`t3ver_wsid`,`t3ver_state`,`t3ver_stage`,`uid_local`,`uid_foreign`,`tablenames`,`fieldname`,`sorting_foreign`,`title`,`description`,`alternative`,`link`,`crop`,`autoplay`)
SELECT tc.pid, UNIX_TIMESTAMP(), UNIX_TIMESTAMP(), 0, 0, 0, 0, '', '', 0, 0, 0, 0, sf.uid, tc.uid, 'tt_content', 'file2', 1, '', '', '', '', '{\"default\":{\"cropArea\":{\"x\":0,\"y\":0,\"width\":1,\"height\":1},\"selectedRatio\":\"NaN\",\"focusArea\":null}}', 0
FROM `tt_content` tc
JOIN `sys_file` sf ON sf.identifier LIKE '%/bg-cta.jpg'
LEFT JOIN `sys_file_reference` r ON r.tablenames='tt_content' AND r.uid_foreign=tc.uid AND r.fieldname='file2' AND r.deleted=0
WHERE tc.CType IN ('nitsan_nsfeature','ns_feature') AND r.uid IS NULL;

-- End of File